instance_id,compact,dp_flow,arc_flow,set_cover,set_partition
sage_original_BPP_0001_8323c49c2f,0.070933,0.038592,0.005764,0.018946,0.036787
sage_original_BPP_0002_859c1cb186,0.026073,0.055371,0.005530,0.018360,0.019077
sage_original_BPP_0003_e555eea40b,0.045951,0.063467,0.006701,0.018046,0.049500
sage_original_BPP_0004_914a2169fb,0.021636,0.038039,0.006373,0.026497,0.025813
sage_original_BPP_0005_7b48f8509c,0.021038,0.027620,0.021915,0.014869,0.015834
sage_original_BPP_0006_81f1f3d4bc,0.042633,0.030848,0.005192,0.014939,0.018120
sage_original_BPP_0007_bc8d0a8087,0.041802,0.051554,0.004666,0.014755,0.035573
sage_original_BPP_0008_828834add1,0.041492,0.058232,0.026624,0.018368,0.022850
sage_original_BPP_0009_b5fb432672,0.021650,0.054393,0.005165,0.014942,0.018013
sage_original_BPP_0010_faec88a173,0.021463,0.027634,0.004644,0.014530,0.015969
sage_original_BPP_0011_1959774821,0.022360,0.065215,0.006768,0.017906,0.042645
sage_original_BPP_0012_30fae92631,0.046283,0.067379,0.006010,0.017617,0.049443
sage_original_BPP_0013_15a86b663e,0.017017,0.010753,0.002817,0.002703,0.022077
sage_original_BPP_0014_a1418a581f,0.024044,0.056247,0.007767,0.021096,0.026165
sage_original_BPP_0015_bae75392e2,0.022502,0.055615,0.029928,0.040591,0.040713
sage_original_BPP_0016_e56c41a9d7,0.041703,0.036649,0.005427,0.018232,0.018032
sage_original_BPP_0017_a2855cb59f,0.021383,0.029500,0.026622,0.014863,0.020798
sage_original_BPP_0018_3c9306fec6,0.020285,0.030702,0.005335,0.016939,0.041625
sage_original_BPP_0019_8aee98d164,0.020797,0.028339,0.006094,0.017042,0.017592
sage_original_BPP_0020_17ae96ad82,0.027710,0.054708,0.030035,0.019205,0.044707
sage_original_BPP_0021_af0fc9b472,0.173011,0.060462,0.026444,0.017441,0.020889
sage_original_BPP_0022_b1cc40e86f,0.020859,0.033747,0.027083,0.039522,0.037409
sage_original_BPP_0023_0c59862486,0.023045,0.059015,0.025617,0.053273,0.039345
sage_original_BPP_0024_13e00c175f,0.023507,0.055741,0.006055,0.023424,0.021748
sage_original_BPP_0025_c34723436d,0.023009,0.033914,0.005761,0.017497,0.022004
sage_original_BPP_0026_93d84a5db5,0.023448,0.036386,0.027900,0.015656,0.036169
sage_original_BPP_0027_32089080a7,0.021809,0.030119,0.005116,0.014691,0.020524
sage_original_BPP_0028_6261c62831,0.021727,0.033230,0.005616,0.016886,0.023717
sage_original_BPP_0029_1d3f9b2c0a,0.021809,0.032501,0.005512,0.014546,0.016808
sage_original_BPP_0030_4f91a9ce0e,0.019833,0.030992,0.022213,0.015672,0.038921
sage_original_BPP_0031_9f920584df,0.045006,0.062168,0.026690,0.017870,0.021869
sage_original_BPP_0032_aa41193dbb,0.024229,0.053687,0.005849,0.018293,0.019355
sage_original_BPP_0033_46bce2d1e2,0.041457,0.032393,0.005458,0.017723,0.037849
sage_original_BPP_0034_cba2e0a3d8,0.020612,0.036465,0.028709,0.036100,0.017324
sage_original_BPP_0035_7abefd6a42,0.021815,0.029809,0.005053,0.032970,0.021013
sage_original_BPP_0036_bdfcd095b4,0.020373,0.039182,0.005826,0.018189,0.019304
sage_original_BPP_0037_53ab454928,0.022040,0.035693,0.005867,0.018461,0.019460
sage_original_BPP_0038_313ca25182,0.022265,0.037520,0.005968,0.023572,0.044983
sage_original_BPP_0039_2950464c50,0.023424,0.039184,0.023683,0.025639,0.025420
sage_original_BPP_0040_2b293dd1ae,0.020576,0.032975,0.005686,0.016848,0.015753
sage_original_BPP_0041_a6a84147b3,0.021812,0.035222,0.005914,0.017665,0.038153
sage_original_BPP_0042_9fc03b9264,0.020802,0.028044,0.004835,0.014426,0.036666
sage_original_BPP_0043_0efcaa8f13,0.021998,0.030504,0.025209,0.014910,0.037488
sage_original_BPP_0044_2a25b988a9,0.021057,0.027705,0.004654,0.014508,0.033722
sage_original_BPP_0045_f57b8eb025,0.039009,0.059707,0.008626,0.022918,0.043887
sage_original_BPP_0046_254afa49c4,0.020668,0.029399,0.005089,0.014903,0.042182
sage_original_BPP_0047_2e929ccc97,0.040914,0.037827,0.029973,0.022964,0.026164
sage_original_BPP_0048_ab1fda5f01,0.022404,0.050998,0.005588,0.016753,0.033536
sage_original_BPP_0049_3fe0de171c,0.022706,0.037942,0.024331,0.017953,0.024847
sage_original_BPP_0050_5fcb4c04cb,0.021474,0.029796,0.005254,0.015185,0.021450
sage_original_BPP_0051_ed359bbe80,0.020558,0.037113,0.006878,0.022852,0.021363
sage_original_BPP_0052_de145a20d4,0.021513,0.029015,0.005046,0.014963,0.039488
sage_original_BPP_0053_ff81be9e80,0.020389,0.031556,0.005877,0.017000,0.017685
sage_original_BPP_0054_5a7357f2e9,0.020512,0.050281,0.025185,0.036426,0.018148
sage_original_BPP_0055_a95c18ef81,0.042049,0.030989,0.005180,0.016790,0.016890
sage_original_BPP_0056_6d3b976d34,0.012205,0.019331,0.004325,0.002654,0.003866
sage_original_BPP_0057_ea88b13cdb,0.020211,0.034950,0.005551,0.016758,0.021238
sage_original_BPP_0058_38b10d4b13,0.021154,0.033065,0.005469,0.017204,0.018121
sage_original_BPP_0059_b00164e1eb,0.040274,0.050453,0.027072,0.017561,0.016973
sage_original_BPP_0060_c0049a685b,0.041842,0.051692,0.027435,0.017052,0.034679
sage_original_BPP_0061_90b3fc0e08,0.042652,0.057132,0.029212,0.032542,0.015617
sage_original_BPP_0062_f50460782c,0.019359,0.029466,0.004979,0.014785,0.020874
sage_original_BPP_0063_27e2398f7a,0.042303,0.037442,0.022874,0.017291,0.045758
sage_original_BPP_0064_322da5d399,0.023239,0.060755,0.024353,0.039976,0.047734
sage_original_BPP_0065_c6c8a8a91e,0.044605,0.057184,0.026051,0.015022,0.042822
sage_original_BPP_0066_6fae8468e1,0.044454,0.058216,0.028128,0.040488,0.024518
sage_original_BPP_0067_82910efa5a,0.038073,0.030491,0.025268,0.015145,0.020915
sage_original_BPP_0068_a8658f1b8b,0.025035,0.071659,0.007742,0.019044,0.021068
sage_original_BPP_0069_3e75043c13,0.021811,0.035362,0.022879,0.018313,0.018692
sage_original_BPP_0070_ef23074c42,0.022750,0.060488,0.005942,0.017999,0.026574
sage_original_BPP_0071_29b9dc8e2f,0.041568,0.063613,0.024864,0.017413,0.024229
sage_original_BPP_0072_44ea41c1ba,0.039932,0.030323,0.022443,0.014335,0.030996
sage_original_BPP_0073_69d8cfd48d,0.376780,0.049849,0.007812,0.018888,0.019228
sage_original_BPP_0074_83cd0e6bed,0.021884,0.032466,0.005329,0.017872,0.018243
sage_original_BPP_0075_08db921fc6,0.031043,0.089220,0.024784,0.034570,0.034281
sage_original_BPP_0076_f7b385eb95,0.020020,0.033666,0.005208,0.014951,0.015256
sage_original_BPP_0077_539a25b2f8,0.019711,0.030904,0.005230,0.014742,0.016883
sage_original_BPP_0078_b8044ca20e,0.020225,0.036369,0.022102,0.041242,0.023024
sage_original_BPP_0079_aac138d3f7,0.019670,0.031120,0.005808,0.014972,0.015442
sage_original_BPP_0080_ec40d4578c,0.027678,0.066373,0.046345,0.021724,0.030796
sage_original_BPP_0081_2d272b5613,0.023524,0.045691,0.036687,0.018620,0.036074
sage_original_BPP_0082_23737f3643,0.020365,0.026986,0.004675,0.014481,0.016518
sage_original_BPP_0083_e77cccb015,0.047153,0.031163,0.022684,0.016417,0.016164
sage_original_BPP_0084_b1f88e2afa,0.021621,0.035419,0.005874,0.018337,0.018344
sage_original_BPP_0085_0aadd318fb,0.021052,0.029066,0.004916,0.014582,0.020399
sage_original_BPP_0086_6a7fbf730b,0.020324,0.037276,0.005939,0.017715,0.045202
sage_original_BPP_0087_d986c08761,0.020989,0.028780,0.005073,0.016012,0.039857
sage_original_BPP_0088_579ac15027,0.046020,0.031841,0.005209,0.018045,0.040260
sage_original_BPP_0089_3d994d2b8d,0.020216,0.032472,0.005854,0.039685,0.042959
sage_original_BPP_0090_228477a59a,0.045258,0.048700,0.029749,0.039436,0.035625
sage_original_BPP_0091_5becfd3c69,0.021485,0.058781,0.006637,0.023295,0.048340
sage_original_BPP_0092_e75dea5312,0.021849,0.050156,0.028165,0.036633,0.016546
sage_original_BPP_0093_8af5e2c4b7,0.024813,0.049445,0.006645,0.021544,0.022891
sage_original_BPP_0094_9e7510e494,0.159086,0.032770,0.005972,0.017723,0.018057
sage_original_BPP_0095_b5bf2b8627,0.024448,0.032868,0.005280,0.017921,0.021235
sage_original_BPP_0096_3780530ef4,0.023481,0.033151,0.005618,0.015447,0.015938
sage_original_BPP_0097_8e99ef53c7,4.192205,0.087164,0.034299,0.021410,0.041942
sage_original_BPP_0098_4cbff31e71,0.023885,0.048890,0.005226,0.016966,0.017379
sage_original_BPP_0099_aa1b82f015,0.023119,0.040734,0.006124,0.017738,0.024458
sage_original_BPP_0100_2c1884599a,0.021358,0.049307,0.028623,0.017826,0.017014
sage_original_BPP_0101_b40f2d0aa7,0.030256,0.063754,0.026816,0.038330,0.047722
sage_original_BPP_0102_32531213af,0.018956,0.031768,0.023510,0.039716,0.017660
sage_original_BPP_0103_0b2f471d17,0.020777,0.033937,0.024402,0.016710,0.035186
sage_original_BPP_0104_12db513ea8,0.023470,0.033251,0.005478,0.020052,0.037014
sage_original_BPP_0105_da84db6de3,0.039181,0.032805,0.005545,0.014959,0.015300
sage_original_BPP_0106_ab6f07b5bb,0.022423,0.037766,0.006081,0.017277,0.021323
sage_original_BPP_0107_5247f0d208,0.037112,0.031289,0.022950,0.036401,0.017540
sage_original_BPP_0108_210566ae89,0.020287,0.029029,0.005033,0.014684,0.019915
sage_original_BPP_0109_ebfc409e73,0.022966,0.032377,0.005236,0.016224,0.016968
sage_original_BPP_0110_3dad17cb40,0.021729,0.036895,0.005859,0.033988,0.023367
sage_original_BPP_0111_6926d05b64,0.042646,0.037713,0.005902,0.022188,0.061276
sage_original_BPP_0112_d5bb6881c6,0.021998,0.029734,0.005107,0.014944,0.040059
sage_original_BPP_0113_a8e036b579,0.019629,0.055330,0.028872,0.040876,0.017847
sage_original_BPP_0114_a0fb36dd60,0.040486,0.037710,0.030526,0.040705,0.044689
sage_original_BPP_0115_9cf3093205,0.044576,0.053120,0.005909,0.017434,0.023877
sage_original_BPP_0116_de146e1c67,0.019687,0.032583,0.005378,0.017808,0.017723
sage_original_BPP_0117_8f62f3084b,0.022176,0.056729,0.005497,0.016570,0.015241
sage_original_BPP_0118_c43acbab59,0.020247,0.028772,0.023337,0.014723,0.020518
sage_original_BPP_0119_d76a3dc78d,0.020332,0.027021,0.004677,0.014656,0.015644
sage_original_BPP_0120_2e7e5af4d2,0.021698,0.034997,0.005782,0.017838,0.017371
sage_original_BPP_0121_47156f7917,0.021395,0.029458,0.025958,0.016454,0.016801
sage_original_BPP_0122_f5c7dc9596,0.023823,0.056175,0.005740,0.017895,0.039583
sage_original_BPP_0123_1982460d95,0.021732,0.033520,0.005429,0.016740,0.016945
sage_original_BPP_0124_004b9fc3ab,0.024231,0.037563,0.005978,0.017740,0.024391
sage_original_BPP_0125_3c18a312c0,0.019805,0.030815,0.005382,0.017073,0.038669
sage_original_BPP_0126_cf0c2a33e6,0.022195,0.042995,0.008590,0.038477,0.019437
sage_original_BPP_0127_2815c86007,0.020188,0.026453,0.004666,0.033090,0.014971
sage_original_BPP_0128_324ccf4a1a,0.024987,0.064976,0.043838,0.025122,0.031362
sage_original_BPP_0129_6102edaf96,0.043721,0.061168,0.009250,0.025868,0.039684
sage_original_BPP_0130_e5d3607449,0.020108,0.037028,0.008054,0.024690,0.040140
sage_original_BPP_0131_0aef5b3de4,0.020176,0.029117,0.005030,0.031039,0.019750
sage_original_BPP_0132_0d4360d065,0.020559,0.026193,0.004668,0.013956,0.014862
sage_original_BPP_0133_0c46e44658,0.021250,0.059626,0.008039,0.022165,0.043363
sage_original_BPP_0134_7ddb095217,0.043597,0.046397,0.021652,0.033777,0.014846
sage_original_BPP_0135_a84ce41e59,0.038306,0.034663,0.023262,0.018209,0.048308
sage_original_BPP_0136_1b221a2ee5,0.021618,0.065504,0.022740,0.023136,0.045988
sage_original_BPP_0137_7c01066666,0.039338,0.057158,0.023169,0.040260,0.057904
sage_original_BPP_0138_430515778c,0.041155,0.051713,0.023661,0.015327,0.038349
sage_original_BPP_0139_89cacbd5ce,0.037106,0.027885,0.004796,0.014677,0.015637
sage_original_BPP_0140_a097ce4bed,0.039974,0.045743,0.005926,0.017784,0.047208
sage_original_BPP_0141_c58f270a6a,0.020292,0.031479,0.005157,0.038016,0.036318
sage_original_BPP_0142_3fc5ed7642,0.042449,0.030745,0.038764,0.014984,0.036507
sage_original_BPP_0143_ee2ee09417,0.043650,0.055045,0.005425,0.015552,0.015110
sage_original_BPP_0144_d61837c1df,0.045521,0.066509,0.030583,0.019035,0.043864
sage_original_BPP_0145_063dc7c6f9,0.023508,0.054976,0.028756,0.033257,0.021327
sage_original_BPP_0146_c6c858b860,0.024818,0.033268,0.005485,0.036772,0.017956
sage_original_BPP_0147_5dcc9c3f57,0.039296,0.032492,0.022284,0.035569,0.017230
sage_original_BPP_0148_65b3a6ce64,0.023032,0.045805,0.027340,0.020686,0.024586
sage_original_BPP_0149_ae0d334a3b,0.023603,0.088518,0.023792,0.018058,0.022119
sage_original_BPP_0150_57be5c2a06,0.020448,0.037453,0.028921,0.017066,0.021652
sage_original_BPP_0151_c49a27f936,0.019199,0.031654,0.005386,0.015069,0.017649
sage_original_BPP_0152_38409b01fa,0.022121,0.038505,0.006050,0.017579,0.023562
sage_original_BPP_0153_2f535859f9,0.020698,0.029199,0.005064,0.014651,0.020622
sage_original_BPP_0154_4ab53c9cba,0.041055,0.048985,0.005250,0.031025,0.015110
sage_original_BPP_0155_49d3300386,0.042876,0.050907,0.021301,0.034015,0.042462
sage_original_BPP_0156_79c8723c7f,0.019472,0.031842,0.005536,0.017397,0.017710
sage_original_BPP_0157_4055c2b026,0.020916,0.028872,0.005074,0.014700,0.020307
sage_original_BPP_0158_3f85b5e09c,0.042429,0.039159,0.029500,0.026001,0.021457
sage_original_BPP_0159_acfd60ad39,0.021392,0.047429,0.004701,0.014776,0.014998
sage_original_BPP_0160_92d2266f96,0.020393,0.026490,0.004785,0.033135,0.037078
sage_original_BPP_0161_4ee01ba665,0.019854,0.054199,0.006157,0.021091,0.021412
sage_original_BPP_0162_41e0b9a65c,0.021079,0.054660,0.007856,0.016108,0.019854
sage_original_BPP_0163_faca657964,0.041286,0.052516,0.005352,0.016409,0.045972
sage_original_BPP_0164_c77c47410d,0.044274,0.040201,0.005752,0.041802,0.018963
sage_original_BPP_0165_6e34e23afa,0.046706,0.040720,0.006297,0.043194,0.043545
sage_original_BPP_0166_9919734216,0.022601,0.029438,0.022131,0.015725,0.039931
sage_original_BPP_0167_e7226f2fdd,0.048127,0.057447,0.005879,0.043632,0.036348
sage_original_BPP_0168_004213c54b,0.021793,0.032950,0.026450,0.018140,0.018208
sage_original_BPP_0169_884cead777,0.039983,0.059062,0.027299,0.018143,0.025980
sage_original_BPP_0170_29c7890a2a,0.025442,0.062895,0.005970,0.018925,0.048900
sage_original_BPP_0171_1ef0aadabf,0.045736,0.038238,0.005734,0.037541,0.029570
sage_original_BPP_0172_84ca7b76bd,0.043540,0.033746,0.005292,0.039764,0.041765
sage_original_BPP_0173_3e6c38180b,0.018921,0.017920,0.026694,0.002747,0.002739
sage_original_BPP_0174_991d7bf3a4,0.024732,0.054650,0.021678,0.017715,0.040395
sage_original_BPP_0175_428bdbb4c4,0.040000,0.053528,0.005189,0.016063,0.022147
sage_original_BPP_0176_9ae230a8dc,0.054895,0.065524,0.025840,0.050885,0.041645
sage_original_BPP_0177_fd36bf6bb3,0.023987,0.059406,0.027300,0.037010,0.043348
sage_original_BPP_0178_f2104acc30,0.039024,0.033516,0.005244,0.015983,0.036226
sage_original_BPP_0179_d904d37302,0.020503,0.028146,0.027792,0.004638,0.016328
sage_original_BPP_0180_bfb60a7aea,0.020889,0.033343,0.005173,0.015850,0.018494
sage_original_BPP_0181_20edf5feb6,0.024483,0.031556,0.005195,0.017926,0.017475
sage_original_BPP_0182_41f908c47c,0.023955,0.039183,0.006063,0.041467,0.026493
sage_original_BPP_0183_1bef725ebb,0.022678,0.059020,0.006059,0.023595,0.044566
sage_original_BPP_0184_fd59e8ddc7,0.021382,0.050185,0.005960,0.017622,0.016137
sage_original_BPP_0185_55f0362c71,0.023431,0.059593,0.005543,0.018486,0.042668
sage_original_BPP_0186_ff34168cfc,0.021320,0.054609,0.005620,0.018917,0.018604
sage_original_BPP_0187_dfa45ff231,0.025325,0.031018,0.023553,0.036782,0.039121
sage_original_BPP_0188_7da60096ed,0.025132,0.032110,0.005343,0.041507,0.040649
sage_original_BPP_0189_526cd5f400,0.044719,0.039371,0.029366,0.037260,0.046456
sage_original_BPP_0190_21a27e9a0d,0.043715,0.034185,0.005504,0.037413,0.040055
sage_original_BPP_0191_a1e0bf412e,0.047956,0.038657,0.026929,0.040766,0.025076
sage_original_BPP_0192_6714bb98ac,0.023703,0.038615,0.027808,0.040990,0.024162
sage_original_BPP_0193_39f9fe51d1,0.023864,0.038558,0.008254,0.044142,0.022500
sage_original_BPP_0194_63be3aabcf,0.025927,0.030716,0.028081,0.039537,0.045896
sage_original_BPP_0195_04e2861939,0.035536,0.013600,0.002855,0.002676,0.002663
sage_original_BPP_0196_4cee774ed7,0.021326,0.057952,0.006439,0.016250,0.019542
sage_original_BPP_0197_5353bfcb99,0.046950,0.063084,0.008944,0.029445,0.033593
sage_original_BPP_0198_1596a3c4cb,0.042592,0.034122,0.005607,0.015398,0.016246
sage_original_BPP_0199_72754057e6,0.024071,0.039032,0.029085,0.023470,0.022521
sage_original_BPP_0200_499787a2c8,0.022328,0.033555,0.005441,0.017570,0.039484
sage_original_BPP_0201_d107e23856,0.020926,0.037337,0.006692,0.017875,0.020341
sage_original_BPP_0202_7f0e75dcc8,0.021129,0.027073,0.004711,0.014888,0.015707
sage_original_BPP_0203_1453827698,0.020582,0.051395,0.028399,0.033852,0.016250
sage_original_BPP_0204_b01a1da228,0.022949,0.063021,0.006712,0.028563,0.042301
sage_original_BPP_0205_dd29b46c6a,0.023779,0.037455,0.006480,0.018422,0.044778
sage_original_BPP_0206_0efb405fc1,0.020625,0.032502,0.005302,0.017855,0.018293
sage_original_BPP_0207_d2b398a905,0.023500,0.039602,0.007869,0.022734,0.040516
sage_original_BPP_0208_3816b2a8f0,0.039863,0.059665,0.028094,0.019303,0.048057
sage_original_BPP_0209_b62b0ed588,0.042047,0.035691,0.023650,0.016497,0.042014
sage_original_BPP_0210_e008e725dc,0.022274,0.034112,0.005031,0.015156,0.038910
sage_original_BPP_0211_9625dbb3a9,0.023592,0.066157,0.006886,0.021590,0.022921
sage_original_BPP_0212_6c18e397d2,0.021101,0.037857,0.005734,0.018668,0.022841
sage_original_BPP_0213_7b086f461c,0.021799,0.039330,0.005191,0.015480,0.042814
sage_original_BPP_0214_1136732482,0.023291,0.038293,0.006567,0.017971,0.022588
sage_original_BPP_0215_3e393c68ad,0.020408,0.053501,0.005577,0.017890,0.025195
sage_original_BPP_0216_e71ac7ef72,0.023041,0.036386,0.006022,0.017940,0.023236
sage_original_BPP_0217_ed6e5dcc8b,0.020859,0.036638,0.006367,0.017343,0.024043
sage_original_BPP_0218_dccc060724,0.040307,0.047709,0.008476,0.020160,0.045428
sage_original_BPP_0219_2b870456fc,0.043237,0.031325,0.005314,0.019251,0.018931
sage_original_BPP_0220_626795784d,0.027977,0.050997,0.026011,0.018473,0.025611
sage_original_BPP_0221_741a005327,0.021026,0.049483,0.027613,0.039833,0.019740
sage_original_BPP_0222_1a7407e863,0.023037,0.059804,0.006269,0.022425,0.024446
sage_original_BPP_0223_3b45b1b398,0.021669,0.035850,0.024432,0.040144,0.019475
sage_original_BPP_0224_e315ab4026,0.024718,0.049094,0.006977,0.029603,0.048455
sage_original_BPP_0225_fc4277c9a3,0.044391,0.060366,0.025017,0.019533,0.049505
sage_original_BPP_0226_cadb0c02cf,0.024785,0.054338,0.006065,0.018460,0.017333
sage_original_BPP_0227_d4db19db94,0.021853,0.047738,0.022934,0.015497,0.039865
sage_original_BPP_0228_bd19d8c258,0.042127,0.063456,0.006232,0.026489,0.023498
sage_original_BPP_0229_fd3843ee77,0.025609,0.060461,0.006307,0.018739,0.026150
sage_original_BPP_0230_13aacc5df6,0.022316,0.028651,0.004835,0.015099,0.016191
sage_original_BPP_0231_da40350748,0.025288,0.059563,0.006901,0.018540,0.030786
sage_original_BPP_0232_a59c7ce5d6,0.022159,0.028901,0.004957,0.015833,0.017139
sage_original_BPP_0233_0f2dc45f97,0.025131,0.040786,0.006983,0.041165,0.023022
sage_original_BPP_0234_d5911c3939,0.039242,0.057140,0.027592,0.041846,0.041469
sage_original_BPP_0235_9e2a65d760,0.045811,0.049270,0.024773,0.040292,0.019432
sage_original_BPP_0236_3ba34a1323,0.027453,0.044254,0.009918,0.021989,0.065636
sage_original_BPP_0237_8d46e40096,0.045975,0.059290,0.006227,0.018171,0.042768
sage_original_BPP_0238_983900a06c,0.024232,0.058882,0.006012,0.040331,0.019902
sage_original_BPP_0239_4b988697d9,0.037630,0.034017,0.022148,0.019015,0.019160
sage_original_BPP_0240_5196a2898c,0.021935,0.056896,0.024200,0.019544,0.043459
sage_original_BPP_0241_e4f5510c42,0.047285,0.060609,0.028119,0.041924,0.020405
sage_original_BPP_0242_650af1fc18,0.046476,0.050188,0.023836,0.039191,0.016720
sage_original_BPP_0243_fc37fa24a7,0.045116,0.056664,0.027535,0.019361,0.042144
sage_original_BPP_0244_7df440eb13,0.031020,0.039028,0.006720,0.040142,0.046963
sage_original_BPP_0245_d56274aab8,0.022145,0.042340,0.031290,0.041911,0.046662
sage_original_BPP_0246_b9a8130458,0.024051,0.059299,0.005887,0.016089,0.041900
sage_original_BPP_0247_db8a33bd06,0.023183,0.030571,0.028633,0.038948,0.046070
sage_original_BPP_0248_bb0be30237,0.045800,0.038035,0.006718,0.018376,0.043133
sage_original_BPP_0249_80e9bc2c69,0.030136,0.069270,0.049304,0.050454,0.064731
sage_original_BPP_0250_49d1e742be,0.041556,0.040159,0.006896,0.018408,0.041119
sage_original_BPP_0251_8d89aa734b,0.043541,0.029349,0.021285,0.016119,0.018905
sage_original_BPP_0252_b6020d07ec,0.141065,0.034469,0.005653,0.017695,0.039680
sage_original_BPP_0253_9f46bcd773,0.038492,0.056165,0.028815,0.018522,0.016339
sage_original_BPP_0254_9c94d7a220,0.039914,0.033602,0.005522,0.017548,0.018157
sage_original_BPP_0255_6a6dc29187,0.038568,0.047540,0.023163,0.015344,0.022063
sage_original_BPP_0256_d93a53f8d3,0.024417,0.059516,0.006580,0.023230,0.019862
sage_original_BPP_0257_390369f33b,0.022967,0.038996,0.006840,0.048195,0.069156
sage_original_BPP_0258_477c0a55c0,0.022495,0.035477,0.005677,0.016937,0.017779
sage_original_BPP_0259_c72dad37a1,0.040868,0.027424,0.004810,0.014802,0.015227
sage_original_BPP_0260_36990e4642,0.020660,0.035003,0.026046,0.018642,0.039956
sage_original_BPP_0261_3bd447d23d,0.024399,0.057670,0.027242,0.039736,0.017611
sage_original_BPP_0262_18111df29c,0.024577,0.034590,0.024664,0.019576,0.019042
sage_original_BPP_0263_e20baf96e1,0.023572,0.059601,0.005791,0.041029,0.040741
sage_original_BPP_0264_b0be158395,0.024330,0.040284,0.025375,0.046453,0.051507
sage_original_BPP_0265_bdb5074d4f,0.025582,0.056269,0.024121,0.037096,0.042621
sage_original_BPP_0266_1f029de0d8,0.145603,0.039992,0.023289,0.019371,0.019289
sage_original_BPP_0267_6e1e2a7d96,0.021092,0.029768,0.028993,0.015663,0.016068
sage_original_BPP_0268_cc3977dd9c,0.022387,0.050938,0.004848,0.036550,0.036695
sage_original_BPP_0269_9eb4b63673,0.043074,0.036668,0.005864,0.019101,0.041569
sage_original_BPP_0270_9f1d375421,0.020680,0.033813,0.028128,0.036399,0.020015
sage_original_BPP_0271_dfb6747614,0.044908,0.030764,0.025673,0.015792,0.039001
sage_original_BPP_0272_dda0d83abc,0.022059,0.031271,0.005396,0.015294,0.015620
sage_original_BPP_0273_6886bfb19a,0.041435,0.034130,0.005233,0.015467,0.020828
sage_original_BPP_0274_1e3cf9e8c5,0.045225,0.030844,0.028260,0.015478,0.040296
sage_original_BPP_0275_03373e1515,0.020643,0.036923,0.005698,0.016003,0.015825
sage_original_BPP_0276_4e3b76d0f6,0.044931,0.037817,0.008141,0.039351,0.025773
sage_original_BPP_0277_3a7b1684d9,0.021003,0.040851,0.007802,0.040041,0.039654
sage_original_BPP_0278_fd8f9b155c,0.044604,0.052693,0.026408,0.017102,0.017256
sage_original_BPP_0279_6d2d041a66,0.022025,0.030348,0.025198,0.015569,0.021971
sage_original_BPP_0280_32c5f6d785,0.045435,0.059450,0.005916,0.018730,0.039030
sage_original_BPP_0281_3e61ed9215,0.041455,0.032191,0.005498,0.039091,0.040375
sage_original_BPP_0282_322b8372d9,0.021579,0.050148,0.023232,0.015731,0.040098
sage_original_BPP_0283_b881311afb,0.046294,0.036905,0.005851,0.022129,0.018546
sage_original_BPP_0284_f17cf6868b,0.023427,0.062321,0.005789,0.036985,0.022841
sage_original_BPP_0285_3ed62f5922,0.024299,0.041007,0.022998,0.020820,0.027725
sage_original_BPP_0286_d119ec667c,0.023381,0.032233,0.031008,0.017911,0.024010
sage_original_BPP_0287_067f7d46a4,0.024364,0.032391,0.005286,0.016547,0.023155
sage_original_BPP_0288_675b54078a,0.022694,0.049963,0.007110,0.025450,0.028878
sage_original_BPP_0289_c9298b9601,0.029947,0.070273,0.009304,0.028138,0.045780
sage_original_BPP_0290_5edb1f6dc8,0.021188,0.034728,0.005898,0.022267,0.018821
sage_original_BPP_0291_2ca85359ae,0.026081,0.038104,0.005661,0.018730,0.019329
sage_original_BPP_0292_e79354764d,0.022330,0.041734,0.007001,0.017063,0.016708
sage_original_BPP_0293_d3a46fec85,0.025883,0.036788,0.005377,0.015666,0.017214
sage_original_BPP_0294_298be6e301,0.028105,0.034102,0.005567,0.016480,0.017287
sage_original_BPP_0295_b708163838,0.022150,0.033113,0.005445,0.018821,0.020304
sage_original_BPP_0296_cfa7ec8064,0.022567,0.035593,0.005583,0.016132,0.024106
sage_original_BPP_0297_7e79513a87,0.022195,0.043054,0.006025,0.018720,0.024104
sage_original_BPP_0298_c871a89dab,0.020717,0.033240,0.005389,0.018788,0.019140
sage_original_BPP_0299_5b8f7aecfd,0.021039,0.032921,0.005420,0.018302,0.019182
sage_original_BPP_0300_526cba3dbe,0.026101,0.040092,0.005590,0.015919,0.016940
sage_original_BPP_0301_320aadc34b,0.024603,0.038871,0.006843,0.018431,0.026714
sage_original_BPP_0302_a4c9770fa2,0.023077,0.037326,0.023712,0.020410,0.019824
sage_original_BPP_0303_d7690c15e5,0.022911,0.030504,0.005141,0.016420,0.016763
sage_original_BPP_0304_3acd2333e6,0.027260,0.043503,0.006192,0.019389,0.027163
sage_original_BPP_0305_fad37a8f75,0.021831,0.033210,0.005436,0.016681,0.017149
sage_original_BPP_0306_0ba2ec4da9,0.023529,0.034045,0.005762,0.021668,0.018303
sage_original_BPP_0307_0d3e07bdab,0.023393,0.042663,0.006029,0.019724,0.019714
sage_original_BPP_0308_0a404d5079,0.024224,0.042091,0.006798,0.018538,0.024381
sage_original_BPP_0309_7c5686ae70,0.044440,0.030361,0.005157,0.015718,0.021612
sage_original_BPP_0310_036d6c4979,0.021131,0.032218,0.027983,0.017900,0.015919
sage_original_BPP_0311_e4a16eb8c6,0.022340,0.035548,0.024493,0.015643,0.018095
sage_original_BPP_0312_c690b5bbed,0.021248,0.033175,0.005640,0.018074,0.041793
sage_original_BPP_0313_77fb296768,0.231071,0.059214,0.026627,0.046931,0.054991
sage_original_BPP_0314_4f7009949b,0.024925,0.042037,0.008804,0.025140,0.046688
sage_original_BPP_0315_45c3e8055e,0.021739,0.036274,0.005789,0.016100,0.018892
sage_original_BPP_0316_1ec0cfc6d5,0.030656,0.060786,0.033055,0.029407,0.044851
sage_original_BPP_0317_fde1d80e9c,0.021982,0.028256,0.004712,0.036885,0.018448
sage_original_BPP_0318_235de28ecd,0.044466,0.043594,0.026516,0.019138,0.024914
sage_original_BPP_0319_d5a1509f81,0.022504,0.040421,0.007538,0.022694,0.044533
sage_original_BPP_0320_75f29404d8,0.039412,0.041633,0.022826,0.018983,0.044609
sage_original_BPP_0321_4cf63f2f0c,0.022093,0.034429,0.005520,0.031432,0.032341
sage_original_BPP_0322_74dd1cdd49,0.023719,0.050601,0.028313,0.041692,0.037878
sage_original_BPP_0323_f4151de0a0,0.023692,0.036767,0.028409,0.017706,0.019480
sage_original_BPP_0324_8fa8248988,0.021381,0.028051,0.004754,0.015139,0.015055
sage_original_BPP_0325_8121354a68,0.022278,0.037666,0.029649,0.034943,0.022539
sage_original_BPP_0326_dc21bc968d,0.041319,0.031920,0.036013,0.014616,0.035729
sage_original_BPP_0327_ad0c903d05,0.021094,0.031710,0.005286,0.015575,0.016071
sage_original_BPP_0328_6e221f435f,0.027949,0.080477,0.009381,0.030568,0.062314
sage_original_BPP_0329_4238cfe1b5,0.040434,0.038049,0.028640,0.033192,0.022050
sage_original_BPP_0330_ae788bc149,0.022661,0.038629,0.006001,0.040981,0.024071
sage_original_BPP_0331_61c06b54e8,0.023235,0.051497,0.008338,0.041629,0.022314
sage_original_BPP_0332_461d96f562,0.020382,0.050597,0.025711,0.015893,0.034135
sage_original_BPP_0333_7283c159df,0.090408,0.033811,0.005483,0.017633,0.018446
sage_original_BPP_0334_8d77d8212d,0.042415,0.040207,0.007954,0.018455,0.019579
sage_original_BPP_0335_74f674d9f8,0.040389,0.039287,0.027943,0.017794,0.025146
sage_original_BPP_0336_4df61886e0,0.043675,0.051569,0.029451,0.017831,0.018450
sage_original_BPP_0337_ba2eeee15d,0.024152,0.035630,0.006641,0.015664,0.016286
sage_original_BPP_0338_5ad9642102,0.023302,0.052410,0.005481,0.016855,0.017095
sage_original_BPP_0339_124cab8b9f,0.024988,0.041154,0.006351,0.018145,0.038037
sage_original_BPP_0340_94a86f0bc6,0.049584,0.060399,0.027639,0.018468,0.025397
sage_original_BPP_0341_ec5d5a914f,0.043709,0.029092,0.026017,0.015239,0.016111
sage_original_BPP_0342_e6638f0e54,0.046698,0.040000,0.006511,0.020641,0.021696
sage_original_BPP_0343_da83a0cd36,0.024460,0.054708,0.026342,0.018051,0.017580
sage_original_BPP_0344_7679180e34,0.021211,0.056830,0.005960,0.015624,0.035573
sage_original_BPP_0345_4dab110aab,0.021718,0.030192,0.005138,0.015137,0.020943
sage_original_BPP_0346_dfce060d6f,0.020679,0.037365,0.006562,0.021355,0.027311
sage_original_BPP_0347_78013ef2de,0.022376,0.037288,0.027859,0.039763,0.024751
sage_original_BPP_0348_32bc7639d9,0.037942,0.052529,0.028216,0.017475,0.017982
sage_original_BPP_0349_3fa41fb624,0.024814,0.040963,0.027347,0.036211,0.043931
sage_original_BPP_0350_b9876025b3,0.023492,0.055720,0.026470,0.043795,0.044887
sage_original_BPP_0351_17d76684fc,0.055588,0.061011,0.027680,0.048425,0.040488
sage_original_BPP_0352_906e6627a4,0.045545,0.060371,0.007873,0.034193,0.040124
sage_original_BPP_0353_3c0dba8117,0.042232,0.053476,0.005769,0.017508,0.040212
sage_original_BPP_0354_8a1ce05848,0.021335,0.047662,0.005213,0.015251,0.015859
sage_original_BPP_0355_8edd73f211,0.019960,0.032292,0.022503,0.036476,0.018181
sage_original_BPP_0356_be068336dd,0.021282,0.038513,0.008042,0.023558,0.041774
sage_original_BPP_0357_13de1b3d47,0.046598,0.041151,0.006647,0.020541,0.035038
sage_original_BPP_0358_b49b1dd1d4,0.036763,0.034853,0.005691,0.017704,0.018432
sage_original_BPP_0359_03a56477d1,0.020337,0.034676,0.006639,0.017484,0.019150
sage_original_BPP_0360_bf03970490,0.021084,0.075795,0.024273,0.025386,0.042042
sage_original_BPP_0361_c9f00459ff,0.021209,0.029079,0.005166,0.014854,0.020787
sage_original_BPP_0362_038186f7e4,0.043339,0.035618,0.006389,0.017253,0.024355
sage_original_BPP_0363_bab7a47abb,0.021955,0.034334,0.005813,0.018062,0.018657
sage_original_BPP_0364_1d3487bb8c,0.020433,0.045292,0.006860,0.017349,0.021412
sage_original_BPP_0365_46d15ef2aa,0.023183,0.040641,0.022928,0.017214,0.035455
sage_original_BPP_0366_e185f33508,0.022032,0.033020,0.006404,0.019833,0.021098
sage_original_BPP_0367_cdfbc20589,0.021139,0.029536,0.005520,0.016841,0.017203
sage_original_BPP_0368_96d0b39220,0.019633,0.037121,0.029448,0.014545,0.020603
sage_original_BPP_0369_b7d9d73f5c,0.022710,0.035521,0.006864,0.021901,0.023572
sage_original_BPP_0370_aa22bb40a1,0.024577,0.039203,0.021939,0.018158,0.018157
sage_original_BPP_0371_8a3be02de8,0.022917,0.037424,0.006056,0.018262,0.021817
sage_original_BPP_0372_3672b41713,0.019571,0.031275,0.005628,0.014662,0.014866
sage_original_BPP_0373_ffbea6204d,0.021194,0.033007,0.005589,0.020834,0.023979
sage_original_BPP_0374_f3bb1a0206,0.037107,0.037386,0.006764,0.017361,0.021930
sage_original_BPP_0375_ee7ea94182,0.020262,0.027025,0.004796,0.034543,0.014925
sage_original_BPP_0376_df5f7de4f1,0.022519,0.031650,0.005610,0.016524,0.016882
sage_original_BPP_0377_63f22470c0,0.040725,0.031300,0.005362,0.016738,0.018209
sage_original_BPP_0378_65d7efa449,0.022440,0.032058,0.005589,0.017086,0.016849
sage_original_BPP_0379_4e00432411,0.019562,0.033891,0.006136,0.038949,0.018076
sage_original_BPP_0380_3e7940d11d,0.022562,0.035042,0.008067,0.014843,0.038983
sage_original_BPP_0381_54b9297f07,0.020226,0.026875,0.004777,0.014244,0.014748
sage_original_BPP_0382_63eebffc86,0.019710,0.052055,0.005297,0.017047,0.017054
sage_original_BPP_0383_ee2e2f5643,0.021473,0.034279,0.005759,0.018115,0.018461
sage_original_BPP_0384_b784a96922,0.039314,0.033588,0.030006,0.015289,0.023347
sage_original_BPP_0385_ad564c9da6,0.022013,0.063984,0.024628,0.022608,0.024246
sage_original_BPP_0386_65fd039080,0.019035,0.049271,0.004764,0.004481,0.015272
sage_original_BPP_0387_6f6f176b3c,0.021481,0.037639,0.006524,0.015460,0.017395
sage_original_BPP_0388_6eaf1a5327,0.020304,0.030659,0.028875,0.035317,0.039896
sage_original_BPP_0389_37c68591b5,0.019011,0.032162,0.005382,0.017034,0.017488
sage_original_BPP_0390_f92e669afa,0.042075,0.059814,0.006699,0.026334,0.038875
sage_original_BPP_0391_192735a225,0.024573,0.037429,0.025967,0.017474,0.025349
sage_original_BPP_0392_c6e4f8fbd9,0.041434,0.032161,0.005241,0.017138,0.018128
sage_original_BPP_0393_7039e3ce4f,0.021869,0.037258,0.006856,0.017323,0.021727
sage_original_BPP_0394_56483f23eb,0.021195,0.030526,0.021418,0.016194,0.038923
sage_original_BPP_0395_4a5d6ec093,0.027813,0.099281,0.028932,0.024356,0.057449
sage_original_BPP_0396_7bd8f3a415,0.020117,0.053274,0.025561,0.037753,0.035960
sage_original_BPP_0397_a6831501f6,0.040292,0.040701,0.022651,0.045043,0.044724
sage_original_BPP_0398_0d669d13fd,0.046004,0.064093,0.028429,0.034972,0.022243
sage_original_BPP_0399_b4e25fd62a,0.022801,0.038377,0.029586,0.022998,0.046114
sage_original_BPP_0400_10f299b191,0.045048,0.029737,0.026389,0.015025,0.020496
sage_original_BPP_0401_ed5a781ef3,0.027982,0.079102,0.045351,0.023448,0.040832
sage_original_BPP_0402_7b3105dd1c,0.021934,0.073148,0.006703,0.020262,0.038226
sage_original_BPP_0403_93d3a216eb,0.019351,0.031749,0.005441,0.017761,0.042157
sage_original_BPP_0404_ca11f48c9b,0.020707,0.059841,0.008180,0.015783,0.033774
sage_original_BPP_0405_a9f87c0cb4,0.021040,0.053897,0.005770,0.037826,0.045721
sage_original_BPP_0406_b695ab5ccb,0.046302,0.051432,0.005171,0.036371,0.023321
sage_original_BPP_0407_eb0829fc8c,0.040804,0.054847,0.007853,0.018907,0.019152
sage_original_BPP_0408_2eb531e406,0.023705,0.040440,0.029464,0.019162,0.022538
sage_original_BPP_0409_8890eb671a,0.027557,0.041828,0.006754,0.023442,0.027360
sage_original_BPP_0410_d5b9b9beea,0.026368,0.046569,0.006989,0.023579,0.024821
sage_original_BPP_0411_03c094cc0b,0.020890,0.037010,0.006702,0.016052,0.020235
sage_original_BPP_0412_965824706f,0.026176,0.058646,0.008272,0.029479,0.033470
sage_original_BPP_0413_4c1355a6f5,0.046040,0.037177,0.006027,0.017509,0.022015
sage_original_BPP_0414_b9f3437d6c,0.020961,0.027767,0.004727,0.014567,0.015336
sage_original_BPP_0415_c25e0c5a7a,0.040868,0.031069,0.005232,0.016678,0.016204
sage_original_BPP_0416_b5afe4d35f,0.027239,0.062352,0.009097,0.029247,0.039080
sage_original_BPP_0417_1504e8a2db,0.022278,0.060438,0.006718,0.017927,0.024656
sage_original_BPP_0418_b944196607,0.022817,0.036857,0.027943,0.017215,0.024274
sage_original_BPP_0419_fedb24f5fc,0.022145,0.041029,0.006021,0.017591,0.024469
sage_original_BPP_0420_78a10b82a1,0.019556,0.032149,0.005776,0.018204,0.018168
sage_original_BPP_0421_d9406d71f1,0.020752,0.027277,0.005233,0.014327,0.015135
sage_original_BPP_0422_00680fa94b,0.021234,0.045716,0.006532,0.017226,0.021672
sage_original_BPP_0423_9b8dc8a62b,0.021144,0.034801,0.005847,0.018105,0.017958
sage_original_BPP_0424_491ee62895,0.024405,0.047145,0.005861,0.017662,0.024340
sage_original_BPP_0425_7e4f8278be,0.046000,0.032814,0.005474,0.014680,0.015113
sage_original_BPP_0426_2596c0aede,0.041405,0.060489,0.026307,0.026697,0.023814
sage_original_BPP_0427_cf088945c3,0.603950,0.058542,0.008106,0.019269,0.019405
sage_original_BPP_0428_d1bf465b08,0.026023,0.031184,0.005438,0.018636,0.017225
sage_original_BPP_0429_3150952289,0.021533,0.054938,0.025944,0.021611,0.022515
sage_original_BPP_0430_dab44eb19f,0.022951,0.036609,0.005986,0.018013,0.045296
sage_original_BPP_0431_6ba23643d2,0.020226,0.068213,0.029158,0.022897,0.042647
sage_original_BPP_0432_78995e2619,0.024674,0.057897,0.026823,0.040443,0.040455
sage_original_BPP_0433_63891eacb8,0.040772,0.031876,0.022047,0.017226,0.017794
sage_original_BPP_0434_da7a73b8ab,0.020848,0.027194,0.024137,0.014278,0.035439
sage_original_BPP_0435_e3fc85ea18,0.022481,0.033325,0.023335,0.015401,0.033974
sage_original_BPP_0436_7071d101b3,0.038342,0.052395,0.005114,0.015177,0.038377
sage_original_BPP_0437_9bd7d600ba,0.021039,0.050934,0.005414,0.016914,0.016630
sage_original_BPP_0438_11ba76b86b,0.023661,0.036592,0.022382,0.017841,0.024912
sage_original_BPP_0439_0c66761b36,0.028329,0.062858,0.026339,0.029330,0.048046
sage_original_BPP_0440_cb6187d646,0.037401,0.031024,0.005220,0.016953,0.017291
sage_original_BPP_0441_70a247f339,0.019911,0.033390,0.005565,0.017589,0.042358
sage_original_BPP_0442_9a1453435b,0.148192,0.055662,0.007679,0.017519,0.038387
sage_original_BPP_0443_81b0cce3a5,0.038433,0.034573,0.022505,0.017347,0.017074
sage_original_BPP_0444_b89ae1cdf2,0.023167,0.034087,0.028252,0.014992,0.017540
sage_original_BPP_0445_5521af92b8,0.021678,0.027644,0.025518,0.033849,0.033464
sage_original_BPP_0446_8a3dd843f7,0.022837,0.052705,0.006070,0.035368,0.017773
sage_original_BPP_0447_78861b15b6,0.020413,0.062360,0.006689,0.022256,0.061731
sage_original_BPP_0448_e28dc975b2,0.020979,0.029150,0.026944,0.016754,0.017395
sage_original_BPP_0449_dbe4f6c760,0.041682,0.036356,0.005185,0.014777,0.015424
sage_original_BPP_0450_7eb5bf04a7,0.020444,0.037398,0.007592,0.039649,0.049642
sage_original_BPP_0451_096f8f42d7,0.035307,0.032215,0.005466,0.018331,0.019030
sage_original_BPP_0452_274a133400,0.047574,0.059248,0.008358,0.054503,0.059406
sage_original_BPP_0453_e81b4d368f,0.020166,0.039573,0.027281,0.023143,0.022267
sage_original_BPP_0454_d2c75e3b5a,0.037861,0.030213,0.005213,0.016005,0.016950
sage_original_BPP_0455_1bcde959fe,0.021671,0.057960,0.005218,0.014309,0.037578
sage_original_BPP_0456_e784e05059,0.023785,0.040652,0.006017,0.017271,0.024236
sage_original_BPP_0457_3c7e4242b4,0.023436,0.039142,0.025383,0.020498,0.035621
sage_original_BPP_0458_efc7c193ac,0.040514,0.049974,0.023538,0.036197,0.033994
sage_original_BPP_0459_a753bc10c8,0.021101,0.052322,0.028271,0.015479,0.020447
sage_original_BPP_0460_a7130d8375,0.019902,0.034292,0.005567,0.014832,0.015271
sage_original_BPP_0461_1d204f77aa,0.038880,0.065119,0.027528,0.017873,0.016169
sage_original_BPP_0462_01541a664c,0.022868,0.038695,0.027894,0.017644,0.021748
sage_original_BPP_0463_7f1aea83e9,0.022011,0.034458,0.005700,0.017977,0.021855
sage_original_BPP_0464_4fd4da9292,0.021600,0.030071,0.022150,0.016581,0.016351
sage_original_BPP_0465_1bf81a48ab,0.022554,0.038230,0.006785,0.041881,0.042418
sage_original_BPP_0466_a71d6f4a02,0.019435,0.031899,0.005432,0.017173,0.018323
sage_original_BPP_0467_39a3e4797e,0.022360,0.041138,0.006159,0.017591,0.042871
sage_original_BPP_0468_b8062db1da,0.041749,0.039321,0.006082,0.037667,0.022169
sage_original_BPP_0469_5d89e258f3,0.021071,0.030750,0.005131,0.038458,0.041442
sage_original_BPP_0470_dadc9452b1,0.021020,0.031553,0.006086,0.017687,0.017850
sage_original_BPP_0471_4e3564f752,0.023206,0.063251,0.025545,0.038978,0.044530
sage_original_BPP_0472_3e2f5e464c,0.041993,0.059206,0.022294,0.018302,0.019012
sage_original_BPP_0473_3dacc6bdab,0.043600,0.038644,0.028666,0.020891,0.024915
sage_original_BPP_0474_1b37e94bed,0.021067,0.048572,0.005586,0.014675,0.020808
sage_original_BPP_0475_53da627979,0.021879,0.034524,0.005830,0.018168,0.018383
sage_original_BPP_0476_1947d487ec,0.024224,0.031559,0.005123,0.016113,0.016812
sage_original_BPP_0477_20638bb3f6,0.044196,0.035963,0.005800,0.018030,0.019109
sage_original_BPP_0478_04fca5fd0c,0.021753,0.034778,0.005775,0.017967,0.021783
sage_original_BPP_0479_a7803f3004,0.021928,0.036404,0.007712,0.017102,0.015565
sage_original_BPP_0480_c4dd53fa4f,0.021484,0.032560,0.006429,0.014870,0.014872
sage_original_BPP_0481_e8641cb603,0.021492,0.033983,0.005763,0.017582,0.018492
sage_original_BPP_0482_d7d85c9230,0.020059,0.026630,0.004811,0.015021,0.038260
sage_original_BPP_0483_4438aba2cb,0.023251,0.034935,0.005607,0.016576,0.020760
sage_original_BPP_0484_968f9a95bf,0.025249,0.056031,0.005771,0.018215,0.018779
sage_original_BPP_0485_d1f92b293c,0.039456,0.031544,0.025414,0.037012,0.014576
sage_original_BPP_0486_3d9255ba86,0.022040,0.045351,0.006576,0.022146,0.022150
sage_original_BPP_0487_3b2f087110,0.041060,0.036261,0.006750,0.033854,0.017284
sage_original_BPP_0488_8d18f5ec1b,0.022867,0.043254,0.006834,0.018691,0.019774
sage_original_BPP_0489_3805f8d62e,0.019178,0.031832,0.005453,0.017386,0.017427
sage_original_BPP_0490_cee5af678d,0.019254,0.030034,0.005227,0.014413,0.014697
sage_original_BPP_0491_a408b43239,0.020920,0.032821,0.005542,0.018567,0.037742
sage_original_BPP_0492_1078009034,0.019271,0.032022,0.021585,0.017129,0.039185
sage_original_BPP_0493_584937f648,0.019589,0.033374,0.006064,0.017171,0.021370
sage_original_BPP_0494_fdf4430534,0.019648,0.031136,0.005391,0.017130,0.041050
sage_original_BPP_0495_efffb4f34b,0.019227,0.031885,0.005382,0.017160,0.017909
sage_original_BPP_0496_833520fd7c,0.020394,0.027355,0.004714,0.014184,0.035225
sage_original_BPP_0497_8aa1f755ae,0.039944,0.030241,0.005308,0.014899,0.015786
sage_original_BPP_0498_07598005b0,0.020741,0.030552,0.028561,0.014713,0.016707
sage_original_BPP_0499_d698273fd2,0.043116,0.029777,0.005285,0.014745,0.014883
sage_original_BPP_0500_7d0195508d,0.027584,0.071556,0.012242,0.056674,0.054489
sage_original_BPP_0501_ddf7b2f4f7,0.021603,0.058444,0.005943,0.017838,0.018581
sage_original_BPP_0502_d6649314be,0.022038,0.037790,0.029610,0.018331,0.040426
sage_original_BPP_0503_2d49b714f9,0.045728,0.058889,0.025595,0.041324,0.042664
sage_original_BPP_0504_5de0031c4c,0.021017,0.028509,0.004754,0.014149,0.038662
sage_original_BPP_0505_5f63cbacd8,0.022663,0.055059,0.025651,0.018001,0.026450
sage_original_BPP_0506_5647f3736f,0.039067,0.048410,0.008420,0.043563,0.024229
sage_original_BPP_0507_cd6f05c931,0.024603,0.055765,0.026515,0.040364,0.018193
sage_original_BPP_0508_d7ab4a1fcd,0.023278,0.061321,0.029770,0.047158,0.044357
sage_original_BPP_0509_304ac6b87b,0.023237,0.044545,0.025196,0.019283,0.043815
sage_original_BPP_0510_fb7bb488a0,0.022239,0.033942,0.006384,0.015544,0.036703
sage_original_BPP_0511_30fa9f1658,0.019779,0.033141,0.023150,0.034279,0.015404
sage_original_BPP_0512_cd1c21542b,0.023009,0.064691,0.007239,0.019115,0.045120
sage_original_BPP_0513_9791d41cc9,0.019351,0.031925,0.005449,0.015239,0.035327
sage_original_BPP_0514_aea451f8d2,0.043696,0.050899,0.028615,0.038422,0.037512
sage_original_BPP_0515_74dd4eceb7,0.046065,0.030507,0.028060,0.016001,0.022141
sage_original_BPP_0516_692002c237,0.039471,0.035980,0.006311,0.016437,0.023040
sage_original_BPP_0517_46aee75e56,0.019758,0.029324,0.005106,0.017793,0.041491
sage_original_BPP_0518_f413a240e6,0.020205,0.033457,0.022073,0.017839,0.034413
sage_original_BPP_0519_359ed5f5ce,0.022616,0.033601,0.005506,0.017319,0.017446
sage_original_BPP_0520_099eb89fe5,0.022639,0.054247,0.005746,0.018662,0.019144
sage_original_BPP_0521_4275f6aee9,0.042432,0.033185,0.005489,0.015268,0.017123
sage_original_BPP_0522_3a516fb98e,0.019971,0.029860,0.005039,0.015242,0.021507
sage_original_BPP_0523_18ef79e615,0.020421,0.057912,0.006543,0.019475,0.022455
sage_original_BPP_0524_d5dc6ab008,0.021226,0.037432,0.006055,0.042927,0.053861
sage_original_BPP_0525_c6c76382d7,0.047523,0.074184,0.029878,0.024098,0.048996
sage_original_BPP_0526_8799daba58,0.045244,0.053119,0.005037,0.034167,0.021656
sage_original_BPP_0527_301abae9bf,0.019908,0.032607,0.023940,0.017465,0.017705
sage_original_BPP_0528_0735b3190c,0.020390,0.045882,0.004648,0.014190,0.014856
sage_original_BPP_0529_51bb20dbcb,0.022315,0.047864,0.007005,0.026418,0.021563
sage_original_BPP_0530_e52a3fcdea,0.021281,0.038000,0.006614,0.020492,0.044541
sage_original_BPP_0531_838cfdeb82,0.019661,0.033596,0.027765,0.017097,0.034939
sage_original_BPP_0532_af60b0f5bb,0.020662,0.029492,0.025126,0.014607,0.020397
sage_original_BPP_0533_bfd5f2e6ee,0.042579,0.031624,0.005171,0.017160,0.016741
sage_original_BPP_0534_3016607838,0.021193,0.030390,0.005517,0.014491,0.034173
sage_original_BPP_0535_41c981ce39,0.023172,0.055427,0.024741,0.017206,0.021773
sage_original_BPP_0536_04b3d2a722,0.022051,0.051039,0.005733,0.017801,0.040243
sage_original_BPP_0537_4733b86309,0.022377,0.048296,0.024068,0.039256,0.016157
sage_original_BPP_0538_22b7319733,0.022119,0.068764,0.006819,0.017855,0.039445
sage_original_BPP_0539_56e931fc93,0.023404,0.055479,0.005854,0.046152,0.024048
sage_original_BPP_0540_743a432c72,0.022123,0.041029,0.006040,0.017067,0.021369
sage_original_BPP_0541_2324177182,0.020286,0.027251,0.005019,0.014556,0.015939
sage_original_BPP_0542_f7be363937,0.018808,0.038492,0.005266,0.016862,0.020630
sage_original_BPP_0543_dbaad8aa00,0.021068,0.033980,0.005721,0.016604,0.033769
sage_original_BPP_0544_03685e1a5f,0.022093,0.056459,0.006206,0.022875,0.024315
sage_original_BPP_0545_52cb46c59c,0.021287,0.029005,0.005402,0.014933,0.020545
sage_original_BPP_0546_3626cb9f15,0.022855,0.037236,0.013628,0.039751,0.025204
sage_original_BPP_0547_40b374e529,0.020399,0.027366,0.022823,0.014493,0.015347
sage_original_BPP_0548_c9607ff697,0.022961,0.054308,0.025553,0.018188,0.039035
sage_original_BPP_0549_224366496c,0.028935,0.059277,0.027820,0.024547,0.028907
sage_original_BPP_0550_48c69c2733,0.039942,0.027560,0.005044,0.014822,0.015447
sage_original_BPP_0551_65e6f320bc,0.019471,0.030906,0.005568,0.017273,0.037021
sage_original_BPP_0552_db28b2b6f0,0.022277,0.060489,0.005979,0.017501,0.017822
sage_original_BPP_0553_344381e8ac,0.019162,0.032045,0.005568,0.017234,0.018693
sage_original_BPP_0554_4a6a8423f2,0.027926,0.080944,0.009447,0.026743,0.043764
sage_original_BPP_0555_2339141067,0.019894,0.038086,0.024753,0.015832,0.034695
sage_original_BPP_0556_4220c2e7fc,0.020907,0.036429,0.029751,0.016049,0.015352
sage_original_BPP_0557_75ca1defcc,0.037939,0.027802,0.027870,0.038087,0.037492
sage_original_BPP_0558_4b9c2e05df,0.041428,0.050674,0.024937,0.039923,0.036047
sage_original_BPP_0559_e3d36a73ef,0.043427,0.040555,0.035724,0.045575,0.024076
sage_original_BPP_0560_d9c7802ca8,0.042130,0.027811,0.004720,0.037009,0.015330
sage_original_BPP_0561_ddaa128fd1,3.314875,0.072859,0.026450,0.018994,0.048851
sage_original_BPP_0562_96b13dc8f8,0.022323,0.030737,0.005150,0.015783,0.042681
sage_original_BPP_0563_3262e72d9f,0.022958,0.070681,0.006033,0.017785,0.022005
sage_original_BPP_0564_beb351d98b,0.021961,0.039251,0.005905,0.023087,0.044320
sage_original_BPP_0565_780e80113a,0.022657,0.037690,0.006708,0.023168,0.028388
sage_original_BPP_0566_6bf0807430,0.021189,0.029027,0.005162,0.015047,0.020831
sage_original_BPP_0567_70ed4b7e03,0.020258,0.038252,0.006011,0.015326,0.019683
sage_original_BPP_0568_490c88ef63,0.022995,0.037920,0.006651,0.017183,0.019344
sage_original_BPP_0569_41d70f7e5d,0.022483,0.034656,0.005576,0.016561,0.017132
sage_original_BPP_0570_3cb5dc3138,0.022343,0.036577,0.006248,0.021987,0.024229
sage_original_BPP_0571_8d14ce7c62,0.022613,0.033834,0.006337,0.016707,0.020327
sage_original_BPP_0572_24dd940917,0.021735,0.032301,0.005492,0.014581,0.015071
sage_original_BPP_0573_3470685d9d,0.024843,0.062094,0.008585,0.041129,0.107343
sage_original_BPP_0574_2ebf33645b,0.044695,0.050029,0.029303,0.016976,0.035179
sage_original_BPP_0575_5cd573ae14,0.045745,0.050453,0.006341,0.041160,0.019010
sage_original_BPP_0576_7b392037ce,0.022986,0.037659,0.025201,0.036287,0.024097
sage_original_BPP_0577_0eefabcce0,0.022408,0.045117,0.006303,0.037417,0.024441
sage_original_BPP_0578_04086fb50d,0.019037,0.026975,0.004702,0.004413,0.015121
sage_original_BPP_0579_471f529d1c,0.019701,0.034007,0.005615,0.021730,0.020495
sage_original_BPP_0580_eb8157d073,0.020417,0.031914,0.005197,0.014778,0.020464
sage_original_BPP_0581_ef8ab08198,0.041348,0.027114,0.004781,0.014133,0.015044
sage_original_BPP_0582_92d6db43af,0.021627,0.037136,0.006591,0.017231,0.024873
sage_original_BPP_0583_cb23864f71,0.019682,0.027079,0.005411,0.014504,0.031132
sage_original_BPP_0584_03191da631,0.019764,0.055172,0.007612,0.014880,0.015290
sage_original_BPP_0585_50431224ff,0.022539,0.038823,0.022748,0.020934,0.042449
sage_original_BPP_0586_76bed8bad6,0.038557,0.031766,0.005339,0.016914,0.018147
sage_original_BPP_0587_10869058ad,0.037793,0.029972,0.005328,0.014670,0.014347
sage_original_BPP_0588_15450e3020,0.022649,0.054924,0.026192,0.015183,0.017487
sage_original_BPP_0589_2484ced803,0.039585,0.054543,0.023190,0.021833,0.046131
sage_original_BPP_0590_b4a6508a7d,0.020090,0.053617,0.005301,0.033846,0.015314
sage_original_BPP_0591_4279a7da8f,0.026992,0.063788,0.027239,0.022973,0.027167
sage_original_BPP_0592_9efbbe0716,0.020665,0.039605,0.022914,0.040334,0.026457
sage_original_BPP_0593_498941cbb4,0.046685,0.037511,0.025759,0.022103,0.023742
sage_original_BPP_0594_e358e6e049,0.021516,0.053024,0.023240,0.018150,0.035106
sage_original_BPP_0595_ad8ffaa349,0.041158,0.060428,0.006036,0.018471,0.021886
sage_original_BPP_0596_575ab50bce,0.042033,0.028722,0.027296,0.046258,0.043044
sage_original_BPP_0597_d56e395e58,0.025370,0.061359,0.006122,0.018082,0.024838
sage_original_BPP_0598_f72627e663,0.021413,0.041406,0.006843,0.017675,0.022307
sage_original_BPP_0599_b10c79ffba,0.026562,0.065157,0.008707,0.021863,0.024691
sage_original_BPP_0600_2290dd4f2e,0.043688,0.052608,0.007513,0.018680,0.019565
sage_original_BPP_0601_3ce7045bd9,0.030351,0.060153,0.008941,0.028952,0.050241
sage_original_BPP_0602_3c40f4b494,0.023169,0.038125,0.006058,0.020863,0.045189
sage_original_BPP_0603_d5a83f202c,0.021926,0.037941,0.006049,0.017722,0.024803
sage_original_BPP_0604_ba0c3f904d,0.021106,0.038845,0.006140,0.023117,0.024904
sage_original_BPP_0605_63b18c1deb,0.034841,0.086321,0.009246,0.026071,0.041063
sage_original_BPP_0606_87f69304e1,0.021456,0.030087,0.005143,0.015261,0.021426
sage_original_BPP_0607_6740f51871,0.022146,0.033066,0.005562,0.015540,0.016118
sage_original_BPP_0608_1399916626,0.023383,0.058722,0.008253,0.016456,0.020073
sage_original_BPP_0609_8264cf89c1,0.033584,0.038514,0.006218,0.017742,0.026396
sage_original_BPP_0610_c31d1c94cf,0.020307,0.036260,0.005283,0.014992,0.015750
sage_original_BPP_0611_e2eb0f1cd7,0.021735,0.033190,0.005623,0.016887,0.022960
sage_original_BPP_0612_8ac7245765,0.020093,0.033572,0.005713,0.023252,0.021448
sage_original_BPP_0613_8da03162cc,0.020108,0.040412,0.007810,0.037219,0.020602
sage_original_BPP_0614_5f053f0810,0.020889,0.029001,0.005263,0.014466,0.020183
sage_original_BPP_0615_419ceb0445,0.021329,0.034127,0.024542,0.017637,0.017879
sage_original_BPP_0616_9844d1efc6,0.019511,0.032099,0.028602,0.036241,0.040170
sage_original_BPP_0617_8044e58db8,0.044363,0.056767,0.022752,0.018381,0.019369
sage_original_BPP_0618_447dee95b2,0.044466,0.061440,0.013972,0.024402,0.048391
sage_original_BPP_0619_6cdf2d727c,0.042523,0.057588,0.031763,0.042557,0.036541
sage_original_BPP_0620_fc7450b8f2,0.037776,0.035818,0.028756,0.021212,0.045514
sage_original_BPP_0621_a7487e37b4,0.047652,0.055274,0.005962,0.020167,0.019148
sage_original_BPP_0622_aefe186887,0.022779,0.041912,0.034267,0.018322,0.022529
sage_original_BPP_0623_4a2771455a,0.047596,0.041834,0.006109,0.017859,0.022214
sage_original_BPP_0624_979f0c933a,0.022392,0.050955,0.005756,0.017180,0.023762
sage_original_BPP_0625_6bead7a309,0.023502,0.035000,0.006074,0.018480,0.018245
sage_original_BPP_0626_7d81d28e6e,0.022004,0.050303,0.005771,0.018259,0.018605
sage_original_BPP_0627_1e508c2056,0.022854,0.034198,0.006561,0.017322,0.018868
sage_original_BPP_0628_80b124b4fc,0.026569,0.052556,0.007892,0.018904,0.021590
sage_original_BPP_0629_dcafda9a8a,0.021475,0.036282,0.006770,0.017159,0.018232
sage_original_BPP_0630_401be299d3,0.023138,0.037220,0.008441,0.017502,0.021585
sage_original_BPP_0631_5d4c035325,0.022091,0.038340,0.006910,0.026995,0.045805
sage_original_BPP_0632_6434689b43,0.028009,0.065192,0.028132,0.023343,0.040716
sage_original_BPP_0633_aae17617bd,0.045118,0.037149,0.006180,0.017458,0.024059
sage_original_BPP_0634_6d4f82aaa2,0.022331,0.092992,0.006744,0.022300,0.025036
sage_original_BPP_0635_a814e849ce,0.043785,0.054598,0.027476,0.017519,0.023979
sage_original_BPP_0636_81e0d04ccc,0.021624,0.029155,0.005090,0.015450,0.020564
sage_original_BPP_0637_b827c6113e,0.022015,0.037138,0.006099,0.021657,0.051011
sage_original_BPP_0638_521ec7ed13,0.022612,0.035044,0.021849,0.015606,0.039121
sage_original_BPP_0639_fc362fc34b,0.020766,0.033778,0.021842,0.037939,0.015383
sage_original_BPP_0640_6984c1e6de,0.038049,0.031271,0.005373,0.017370,0.017854
sage_original_BPP_0641_67f4c50ba7,0.022469,0.112506,0.022947,0.036688,0.043389
sage_original_BPP_0642_148b8d57ed,0.044115,0.054867,0.028472,0.040118,0.039991
sage_original_BPP_0643_3b4d03eac9,0.022621,0.061076,0.007703,0.042443,0.024256
sage_original_BPP_0644_0fc0ea15c4,0.021050,0.052953,0.005077,0.015360,0.042305
sage_original_BPP_0645_a79646964e,0.045402,0.034492,0.029261,0.018418,0.038423
sage_original_BPP_0646_1c94bfddb4,0.027865,0.036541,0.024605,0.035747,0.015527
sage_original_BPP_0647_cdc7679900,0.022048,0.058398,0.026547,0.015494,0.021385
sage_original_BPP_0648_aaee10a11f,0.022019,0.030686,0.025661,0.015039,0.017397
sage_original_BPP_0649_87d6874cb6,0.023559,0.055029,0.026332,0.017663,0.046724
sage_original_BPP_0650_acffd3ba15,0.021986,0.048247,0.006630,0.017366,0.039168
sage_original_BPP_0651_c1523e65c4,0.021468,0.062895,0.005594,0.017137,0.022694
sage_original_BPP_0652_258cf33006,0.021437,0.046199,0.004788,0.014581,0.015647
sage_original_BPP_0653_e0bff5b3e3,0.021432,0.036957,0.006491,0.018558,0.031599
sage_original_BPP_0654_904d8d8038,0.045265,0.029771,0.005327,0.014755,0.020891
sage_original_BPP_0655_c6473836e3,0.019947,0.038647,0.023442,0.046310,0.040914
sage_original_BPP_0656_c456d44472,0.019825,0.037282,0.024191,0.035237,0.022977
sage_original_BPP_0657_278de98e67,0.020629,0.032650,0.023561,0.017487,0.016635
sage_original_BPP_0658_7e8b8d6bc9,0.020421,0.026974,0.004806,0.014284,0.015532
sage_original_BPP_0659_13b4beda0c,0.023091,0.035131,0.005763,0.017778,0.018090
sage_original_BPP_0660_7101c60d6d,0.041880,0.037298,0.006450,0.019934,0.026330
sage_original_BPP_0661_34398a12d3,0.043823,0.033391,0.022514,0.016929,0.016804
sage_original_BPP_0662_6953abb29f,0.021149,0.031852,0.005541,0.017019,0.017104
sage_original_BPP_0663_c5747ea01c,0.022763,0.037189,0.006783,0.017543,0.023976
sage_original_BPP_0664_07be325516,0.022646,0.054581,0.005654,0.015376,0.015723
sage_original_BPP_0665_95095d38b6,0.043159,0.036076,0.005615,0.017009,0.020479
sage_original_BPP_0666_25903ac3b1,0.021495,0.057200,0.022391,0.017536,0.018206
sage_original_BPP_0667_e832d8fd2b,0.021427,0.036613,0.026411,0.017644,0.025704
sage_original_BPP_0668_45d93d6d9d,0.054860,0.095228,0.009286,0.030684,0.044677
sage_original_BPP_0669_f1acfabd75,0.025359,0.042061,0.006092,0.018316,0.024917
sage_original_BPP_0670_eaf89671e1,0.023201,0.041165,0.007728,0.021675,0.037162
sage_original_BPP_0671_6c9df0d998,0.022293,0.040446,0.006602,0.015446,0.021748
sage_original_BPP_0672_723ef60a28,0.021598,0.033712,0.005602,0.016998,0.017591
sage_original_BPP_0673_7ac844be7a,0.021692,0.033602,0.005535,0.017756,0.017399
sage_original_BPP_0674_a4433bed18,0.020398,0.045821,0.006661,0.017514,0.042468
sage_original_BPP_0675_ae3edad0d0,0.022580,0.031315,0.005365,0.015084,0.017108
sage_original_BPP_0676_65dccaeefe,0.028116,0.061873,0.009022,0.026043,0.032448
sage_original_BPP_0677_f5260fab33,0.453028,0.059620,0.008367,0.047468,0.018653
sage_original_BPP_0678_9bc70550f4,0.022053,0.036504,0.005439,0.017337,0.017223
sage_original_BPP_0679_d135d6dfbf,0.039620,0.027508,0.004794,0.014226,0.015462
sage_original_BPP_0680_e4ac69d43e,0.390922,0.054243,0.008272,0.021516,0.025744
sage_original_BPP_0681_33d56baa17,0.022578,0.038428,0.006124,0.017689,0.024834
sage_original_BPP_0682_3629359e7a,0.020738,0.026634,0.004745,0.014458,0.038693
sage_original_BPP_0683_8e01eff34d,0.037879,0.028826,0.023299,0.015335,0.020567
sage_original_BPP_0684_3ae4656146,0.021254,0.045137,0.004749,0.015587,0.015427
sage_original_BPP_0685_951ab6f94d,0.020427,0.031097,0.026530,0.017386,0.039068
sage_original_BPP_0686_18fd316715,0.020601,0.056969,0.027440,0.020874,0.021388
sage_original_BPP_0687_bcb496bba0,0.021699,0.033339,0.025523,0.014744,0.015297
sage_original_BPP_0688_faf7358997,0.021601,0.031437,0.005663,0.014882,0.014922
sage_original_BPP_0689_6b0c288315,0.022644,0.058403,0.006588,0.017887,0.042126
sage_original_BPP_0690_b87f3f8331,0.019794,0.058021,0.007951,0.020772,0.041043
sage_original_BPP_0691_b4f10ff7f0,0.020166,0.039834,0.006765,0.042575,0.043049
sage_original_BPP_0692_4fd0092486,0.042298,0.060203,0.027527,0.017377,0.022173
sage_original_BPP_0693_1e4ad2289f,0.040630,0.060681,0.027101,0.040441,0.046248
sage_original_BPP_0694_b34b6dca9c,0.045232,0.050792,0.024359,0.038139,0.021199
sage_original_BPP_0695_1cd12ac13e,0.047038,0.034170,0.024062,0.018184,0.043231
sage_original_BPP_0696_24b04b3d4e,0.021621,0.030369,0.025899,0.015095,0.020514
sage_original_BPP_0697_61e2e5e518,0.021930,0.030376,0.030378,0.034856,0.017884
sage_original_BPP_0698_707514bf68,0.025372,0.027367,0.005232,0.017636,0.019825
sage_original_BPP_0699_52c08552d1,0.024990,0.030567,0.026004,0.017271,0.017332
sage_original_BPP_0700_786455852f,0.043185,0.031712,0.005168,0.016993,0.017031
sage_original_BPP_0701_759998cf6e,0.042480,0.051293,0.005790,0.037843,0.036049
sage_original_BPP_0702_a051fbcbaf,0.036693,0.057653,0.023586,0.014592,0.042686
sage_original_BPP_0703_dc34357da6,0.042079,0.027943,0.004785,0.014621,0.035719
sage_original_BPP_0704_63fbde3ee6,0.043164,0.037621,0.006073,0.017833,0.044656
sage_original_BPP_0705_57ab1dfad1,0.043717,0.027244,0.004780,0.014378,0.015366
sage_original_BPP_0706_aedc818b62,0.022711,0.056242,0.024853,0.021424,0.021919
sage_original_BPP_0707_00491165b9,0.019511,0.031767,0.027984,0.017182,0.017989
sage_original_BPP_0708_b8d0988543,0.099147,0.065238,0.007256,0.042699,0.025806
sage_original_BPP_0709_23d3cd7749,0.042500,0.050838,0.027554,0.033724,0.015979
sage_original_BPP_0710_226378941e,0.023452,0.062861,0.005839,0.019158,0.019628
sage_original_BPP_0711_6ad5e84e45,0.020637,0.032246,0.005511,0.041137,0.018199
sage_original_BPP_0712_0c92bbb507,0.019936,0.039831,0.005130,0.040638,0.021503
sage_original_BPP_0713_999d6c2e4f,0.019882,0.053849,0.005082,0.015425,0.021866
sage_original_BPP_0714_008f1c0e6b,0.022440,0.049760,0.005317,0.017425,0.039356
sage_original_BPP_0715_a65a9b76cc,0.048223,0.081030,0.030420,0.050186,0.027689
sage_original_BPP_0716_d1468339b3,0.021025,0.033521,0.005407,0.018541,0.018689
sage_original_BPP_0717_25c788f364,0.026451,0.039097,0.006826,0.023149,0.044991
sage_original_BPP_0718_a753c91954,0.025635,0.062352,0.006054,0.018679,0.044277
sage_original_BPP_0719_3d40404c65,0.021154,0.045461,0.029373,0.018036,0.025267
sage_original_BPP_0720_1cb6563e7f,0.021632,0.032365,0.005269,0.017659,0.018079
sage_original_BPP_0721_1e425de7cb,0.022828,0.037097,0.006131,0.017599,0.029061
sage_original_BPP_0722_f97017ae93,0.043773,0.035377,0.005660,0.016218,0.019676
sage_original_BPP_0723_cdc836f8db,0.020204,0.028616,0.005210,0.015222,0.015646
sage_original_BPP_0724_c7a6ca8b31,0.048592,0.053007,0.005123,0.017426,0.015703
sage_original_BPP_0725_2754e74ace,0.021803,0.046035,0.007860,0.016027,0.041235
sage_original_BPP_0726_33112ce9a2,0.020382,0.033486,0.005542,0.016568,0.017655
sage_original_BPP_0727_0d1b135edf,0.020870,0.033381,0.005551,0.014555,0.017841
sage_original_BPP_0728_083ea6978e,0.035343,0.066630,0.026621,0.023879,0.027870
sage_original_BPP_0729_ac44f0c091,0.019919,0.032759,0.005270,0.014838,0.017027
sage_original_BPP_0730_718d5fad6d,0.022731,0.035546,0.007624,0.015132,0.036149
sage_original_BPP_0731_8690f19e6d,0.170112,0.058405,0.029228,0.036711,0.036750
sage_original_BPP_0732_99c84bddbe,0.027865,0.067038,0.011332,0.029495,0.059080
sage_original_BPP_0733_b6e4ed7630,0.041407,0.056511,0.024432,0.040744,0.018537
sage_original_BPP_0734_97c17d82b8,0.030698,0.087278,0.009057,0.029233,0.054973
sage_original_BPP_0735_13051650f5,0.020692,0.027335,0.004748,0.014997,0.031339
sage_original_BPP_0736_a629c8a59c,0.022901,0.034877,0.024565,0.024299,0.025212
sage_original_BPP_0737_e57a44f85e,0.042849,0.029824,0.005224,0.016509,0.016620
sage_original_BPP_0738_74748e65c8,0.024369,0.063209,0.006760,0.025455,0.025529
sage_original_BPP_0739_2309fc4b34,0.021068,0.032911,0.005112,0.036596,0.020416
sage_original_BPP_0740_c18f288d5c,0.393069,0.070834,0.008225,0.019481,0.020164
sage_original_BPP_0741_1df24b13e7,0.041646,0.052812,0.005182,0.036308,0.021174
sage_original_BPP_0742_54d1c0d28a,0.045763,0.055672,0.005768,0.038936,0.040623
sage_original_BPP_0743_9f02f2e9b6,0.037514,0.032143,0.018941,0.035611,0.015842
sage_original_BPP_0744_c8613b6e32,0.045491,0.037993,0.023147,0.018201,0.048342
sage_original_BPP_0745_6456099ab5,0.022369,0.051282,0.006481,0.017086,0.024251
sage_original_BPP_0746_f20588fb59,0.019552,0.033428,0.005484,0.017231,0.018498
sage_original_BPP_0747_10265b6bee,0.043611,0.061229,0.005560,0.038831,0.040705
sage_original_BPP_0748_b229621cba,0.038271,0.034539,0.026547,0.038378,0.043030
sage_original_BPP_0749_8bf00cc3cf,0.021799,0.055792,0.007392,0.017514,0.040361
sage_original_BPP_0750_fdf4cc4f6c,0.040926,0.054591,0.027626,0.033996,0.041494
sage_original_BPP_0751_7310bf1d65,0.020577,0.055894,0.024352,0.036158,0.038194
sage_original_BPP_0752_b5c90e65b5,0.021431,0.030689,0.005303,0.016570,0.016211
sage_original_BPP_0753_b9e8f08865,0.019517,0.031641,0.005458,0.017459,0.017435
sage_original_BPP_0754_b2ba61be40,0.020193,0.045974,0.004717,0.033876,0.015012
sage_original_BPP_0755_1c3c9579d0,0.019679,0.032531,0.005574,0.016503,0.015338
sage_original_BPP_0756_c1f17324f4,0.021708,0.033398,0.005571,0.017770,0.017851
sage_original_BPP_0757_6d925d8621,0.019224,0.031547,0.005995,0.041339,0.017694
sage_original_BPP_0758_2efd737720,0.021585,0.035561,0.005490,0.017439,0.018059
sage_original_BPP_0759_9985776c10,0.026511,0.056054,0.007782,0.014743,0.015163
sage_original_BPP_0760_c3488f8427,0.019622,0.053356,0.005819,0.018300,0.018234
sage_original_BPP_0761_ad3e6696b2,0.051995,0.088748,0.027275,0.029410,0.036953
sage_original_BPP_0762_6d6d2c9f34,0.043180,0.034692,0.005633,0.017712,0.021440
sage_original_BPP_0763_1a2249484e,0.022753,0.037214,0.007544,0.017179,0.021102
sage_original_BPP_0764_8910375354,0.022309,0.035767,0.006103,0.020296,0.024470
sage_original_BPP_0765_05da97feca,0.021271,0.029948,0.028918,0.017437,0.017473
sage_original_BPP_0766_6b8fc56d00,0.023013,0.037370,0.006592,0.024527,0.021908
sage_original_BPP_0767_9f1d4d08bd,0.020379,0.038935,0.007809,0.020962,0.044380
sage_original_BPP_0768_be57c24755,0.023118,0.036031,0.005352,0.014627,0.014671
sage_original_BPP_0769_b2a1da047c,0.020986,0.046346,0.021432,0.014451,0.014798
sage_original_BPP_0770_077fad2da6,0.019374,0.051491,0.024459,0.034185,0.032506
sage_original_BPP_0771_8acf23a602,0.048079,0.048022,0.005313,0.035321,0.036333
sage_original_BPP_0772_c172bd5b6e,0.040989,0.031042,0.005307,0.017223,0.017093
sage_original_BPP_0773_6e857039df,0.019574,0.031712,0.029344,0.017328,0.017948
sage_original_BPP_0774_c6aaa4037f,0.042168,0.054285,0.007847,0.023192,0.041751
sage_original_BPP_0775_9bcad2fc5b,0.022436,0.046373,0.006960,0.024390,0.021552
sage_original_BPP_0776_9b0f096942,0.022554,0.038775,0.006810,0.015716,0.026319
sage_original_BPP_0777_fe881eed66,0.022000,0.033279,0.005666,0.017853,0.016882
sage_original_BPP_0778_09156c3518,0.028709,0.070555,0.046438,0.037442,0.042676
sage_original_BPP_0779_43390df6e3,0.021889,0.037653,0.022611,0.018071,0.018134
sage_original_BPP_0780_6acb9a85dd,0.026596,0.061121,0.008433,0.045983,0.035275
sage_original_BPP_0781_29c3af49ec,0.036120,0.054049,0.023961,0.014962,0.017824
sage_original_BPP_0782_112a67c2b0,0.022122,0.038576,0.007978,0.019788,0.026929
sage_original_BPP_0783_ff04cd792b,0.019291,0.037620,0.028116,0.020514,0.035403
sage_original_BPP_0784_58920ae6ff,0.019140,0.050322,0.029245,0.017552,0.017218
sage_original_BPP_0785_6eae01946f,0.022769,0.026703,0.005345,0.016346,0.016557
sage_original_BPP_0786_e6c4648418,0.042148,0.039350,0.007688,0.022403,0.037753
sage_original_BPP_0787_17f21e8a99,0.022634,0.056892,0.025047,0.022090,0.023515
sage_original_BPP_0788_6e4ce2ccae,0.019917,0.053181,0.005591,0.014634,0.014870
sage_original_BPP_0789_66e2e0c1bd,0.019666,0.047004,0.005333,0.016656,0.020485
sage_original_BPP_0790_b544d1ae62,0.023182,0.030672,0.005226,0.040063,0.016582
sage_original_BPP_0791_cd831607e1,0.020393,0.026858,0.004654,0.014117,0.015035
sage_original_BPP_0792_f65c4d4c0a,0.018623,0.051832,0.005388,0.017109,0.017317
sage_original_BPP_0793_2714318ddb,0.022165,0.049173,0.005300,0.036187,0.040691
sage_original_BPP_0794_163df29b04,0.050706,0.083968,0.050117,0.043875,0.030292
sage_original_BPP_0795_ae3f72488a,0.039918,0.026904,0.004699,0.034487,0.015531
sage_original_BPP_0796_3f268add44,0.043664,0.052212,0.027343,0.035716,0.047000
sage_original_BPP_0797_dab25b695b,0.026926,0.068215,0.009024,0.056445,0.051251
sage_original_BPP_0798_ba6ff0e8b8,0.046496,0.056806,0.026555,0.035774,0.052526
sage_original_BPP_0799_5658ceb9c9,0.020235,0.030608,0.004939,0.017569,0.037365
sage_original_BPP_0800_63253fd02a,0.022441,0.033379,0.005522,0.031300,0.019485
sage_original_BPP_0801_c11d7d9fb0,0.168103,0.076117,0.026498,0.017977,0.027543
sage_original_BPP_0802_5eaf815a9f,0.020207,0.033499,0.022320,0.037654,0.015518
sage_original_BPP_0803_52f0689185,0.023113,0.037699,0.026343,0.018038,0.024329
sage_original_BPP_0804_12425d899f,0.019928,0.031930,0.039727,0.034673,0.032035
sage_original_BPP_0805_e79a66f8fc,0.043243,0.046933,0.004989,0.015114,0.020704
sage_original_BPP_0806_05031f7f7b,0.020257,0.030855,0.005757,0.032589,0.017159
sage_original_BPP_0807_3359a48d23,0.020294,0.045820,0.006681,0.024788,0.027430
sage_original_BPP_0808_93c9f1cbfb,0.041634,0.054890,0.023585,0.037058,0.018234
sage_original_BPP_0809_3f500d6af8,0.027702,0.083906,0.028770,0.029469,0.062755
sage_original_BPP_0810_bc48ffdd4d,0.021726,0.035454,0.005878,0.041629,0.018779
sage_original_BPP_0811_5cfffb24fb,0.019063,0.029055,0.006632,0.016915,0.019804
sage_original_BPP_0812_938486d59a,0.040756,0.032650,0.023654,0.016627,0.017044
sage_original_BPP_0813_1121b06e75,0.020060,0.034053,0.005555,0.016946,0.023839
sage_original_BPP_0814_14722526c1,0.019684,0.031887,0.005250,0.014726,0.015184
sage_original_BPP_0815_0fd3ad4439,0.023654,0.032917,0.005545,0.014862,0.031384
sage_original_BPP_0816_2a261d1074,0.019450,0.031095,0.028110,0.017357,0.017848
sage_original_BPP_0817_4f84cb3d46,0.038768,0.032274,0.005499,0.016948,0.017723
sage_original_BPP_0818_b88d8ea91e,0.021271,0.059731,0.025598,0.017845,0.025588
sage_original_BPP_0819_f4642a926a,0.161533,0.037780,0.006576,0.017653,0.017470
sage_original_BPP_0820_7699031324,0.145367,0.056736,0.029099,0.039189,0.017325
sage_original_BPP_0821_d09b37e774,0.036467,0.030363,0.024018,0.017427,0.017009
sage_original_BPP_0822_c19d759896,0.022604,0.051423,0.005595,0.018006,0.021687
sage_original_BPP_0823_46cd6e945f,0.021279,0.051674,0.024580,0.014852,0.020398
sage_original_BPP_0824_e608b0e715,0.019490,0.032231,0.005411,0.017071,0.017635
sage_original_BPP_0825_86db9e0a74,0.019269,0.031821,0.005627,0.018171,0.034604
sage_original_BPP_0826_3db5cc9673,0.021096,0.027925,0.021913,0.014763,0.014588
sage_original_BPP_0827_2a8a300629,0.019587,0.032080,0.005400,0.017349,0.018006
sage_original_BPP_0828_979dda4700,0.020888,0.027139,0.004610,0.014530,0.033419
sage_original_BPP_0829_e9e838cc4a,0.034545,0.063549,0.027808,0.027123,0.042571
sage_original_BPP_0830_cf8345efda,0.022582,0.037054,0.006041,0.017627,0.024126
sage_original_BPP_0831_f09b47e7ee,0.043619,0.034883,0.005740,0.017852,0.018442
sage_original_BPP_0832_e89535a4d7,0.020322,0.027064,0.004657,0.014282,0.014778
sage_original_BPP_0833_4ae3089e36,0.038525,0.042612,0.026659,0.034125,0.040815
sage_original_BPP_0834_00bc35ca9f,0.041601,0.070681,0.024683,0.015765,0.022893
sage_original_BPP_0835_f028fa317c,0.020757,0.033404,0.005524,0.018292,0.020440
sage_original_BPP_0836_99c63f1743,0.040570,0.047533,0.005106,0.015096,0.020394
sage_original_BPP_0837_4dcbcf3233,0.020715,0.028763,0.022009,0.014982,0.020626
sage_original_BPP_0838_9502474491,0.023086,0.039891,0.006096,0.018125,0.041012
sage_original_BPP_0839_3b9d15c9fe,0.156791,0.036397,0.007046,0.017889,0.017341
sage_original_BPP_0840_e5442c5fdc,0.024836,0.038791,0.026216,0.018641,0.044683
sage_original_BPP_0841_eb836b07e3,0.022348,0.032861,0.005288,0.017193,0.016782
sage_original_BPP_0842_7060f0ca17,0.020234,0.042266,0.023083,0.037480,0.039811
sage_original_BPP_0843_730f45234e,0.039508,0.053347,0.029634,0.038945,0.022073
sage_original_BPP_0844_5d27e2c2f8,0.044116,0.057123,0.025990,0.040873,0.018947
sage_original_BPP_0845_289e0be720,0.044736,0.032266,0.005271,0.015221,0.038384
sage_original_BPP_0846_0e72fd245e,0.047384,0.038926,0.006249,0.018917,0.025057
sage_original_BPP_0847_37fd7faf7d,0.040392,0.056352,0.005838,0.015646,0.018464
sage_original_BPP_0848_9995b26299,0.022669,0.044265,0.028902,0.026872,0.022830
sage_original_BPP_0849_15db74c01c,0.039436,0.051138,0.005141,0.037561,0.044270
sage_original_BPP_0850_f778035f37,0.039141,0.033782,0.005651,0.017657,0.017725
sage_original_BPP_0851_e998fedf7c,0.023232,0.038384,0.025193,0.018137,0.021822
sage_original_BPP_0852_779aa1506d,0.039152,0.030308,0.005803,0.015073,0.017873
sage_original_BPP_0853_99129830e1,0.045927,0.081623,0.026375,0.027953,0.062876
sage_original_BPP_0854_c20c701b30,0.022799,0.034141,0.024927,0.035826,0.023722
sage_original_BPP_0855_dcbe97fee0,0.041429,0.054514,0.006281,0.035197,0.024551
sage_original_BPP_0856_7c7c13db11,0.020180,0.032418,0.005406,0.018329,0.034160
sage_original_BPP_0857_8c5a46d8a9,0.041961,0.036060,0.006373,0.017740,0.019018
sage_original_BPP_0858_c4709d3ffd,0.021694,0.029738,0.005157,0.015244,0.041910
sage_original_BPP_0859_5330c803cc,0.023700,0.036835,0.006001,0.017606,0.024145
sage_original_BPP_0860_4a98cfa61b,0.018661,0.027229,0.004756,0.020856,0.018128
sage_original_BPP_0861_bfd5231eed,0.021697,0.032988,0.024052,0.016467,0.017389
sage_original_BPP_0862_e57a4c18d9,0.039026,0.038914,0.006021,0.020522,0.028347
sage_original_BPP_0863_3d1752b509,0.040327,0.037216,0.006118,0.017403,0.021919
sage_original_BPP_0864_135708c9cc,0.030121,0.056000,0.009112,0.029203,0.042299
sage_original_BPP_0865_f8cbe3935f,0.021003,0.050614,0.005628,0.017172,0.018317
sage_original_BPP_0866_7f2f136324,0.023919,0.052510,0.026933,0.017499,0.040461
sage_original_BPP_0867_66313c3b86,0.022582,0.032444,0.005526,0.016698,0.017180
sage_original_BPP_0868_3e70fce01f,0.037905,0.058449,0.027204,0.015756,0.021938
sage_original_BPP_0869_de4cec8721,0.020660,0.032309,0.028702,0.016717,0.016811
sage_original_BPP_0870_83ba74a98c,0.021684,0.049340,0.005268,0.014492,0.015042
sage_original_BPP_0871_0ce58311d2,0.019858,0.054743,0.005527,0.014796,0.015270
sage_original_BPP_0872_53fedfdea0,0.018991,0.032109,0.005382,0.017106,0.017564
sage_original_BPP_0873_3499ba0bbf,0.020114,0.026915,0.004655,0.014445,0.014981
sage_original_BPP_0874_5935ca1f8a,0.019387,0.032578,0.005554,0.014535,0.017024
sage_original_BPP_0875_e53cf11b7a,0.021424,0.041332,0.006577,0.022621,0.021434
sage_original_BPP_0876_07f900297a,0.021944,0.042275,0.024413,0.016448,0.018365
sage_original_BPP_0877_d8a13b7a09,0.038440,0.053018,0.005516,0.034119,0.020375
sage_original_BPP_0878_6662e088fc,0.021676,0.031107,0.023503,0.015022,0.015378
sage_original_BPP_0879_54032d7b1c,0.023436,0.040574,0.008093,0.017641,0.025663
sage_original_BPP_0880_5ed049d248,0.038291,0.034604,0.026049,0.016896,0.023190
sage_original_BPP_0881_96979a3838,0.021592,0.032501,0.030065,0.019991,0.020585
sage_original_BPP_0882_5137f79be4,0.044325,0.062732,0.006019,0.017686,0.024228
sage_original_BPP_0883_cd8dc01a5f,0.023920,0.037194,0.006049,0.017637,0.024382
sage_original_BPP_0884_9ec7ad2885,0.041870,0.035742,0.005778,0.017471,0.023672
sage_original_BPP_0885_bd29d67732,0.040243,0.031977,0.005285,0.017726,0.020507
sage_original_BPP_0886_b200a45140,0.023019,0.037410,0.006555,0.015718,0.033536
sage_original_BPP_0887_fcd45a25be,0.049836,0.031062,0.005338,0.014270,0.015423
sage_original_BPP_0888_8ef37e9a22,0.022847,0.037399,0.025695,0.018199,0.024446
sage_original_BPP_0889_b4b5c4ef93,0.022700,0.072433,0.008271,0.025130,0.021542
sage_original_BPP_0890_e58d70e08a,0.022039,0.037759,0.006852,0.017288,0.039584
sage_original_BPP_0891_18fb1f0377,0.022243,0.036996,0.006769,0.022535,0.023475
sage_original_BPP_0892_686d50e3e4,0.045779,0.057820,0.028254,0.017788,0.043808
sage_original_BPP_0893_7e381b6aa3,2.097790,0.071752,0.030994,0.042766,0.040605
sage_original_BPP_0894_08e18a36d2,0.037534,0.059646,0.024676,0.040288,0.039791
sage_original_BPP_0895_eff065e14e,0.040908,0.033188,0.021797,0.035539,0.017480
sage_original_BPP_0896_eadc234b25,0.046463,0.059744,0.006037,0.039124,0.024139
sage_original_BPP_0897_7906e055f5,0.039235,0.030211,0.025680,0.017436,0.016635
sage_original_BPP_0898_afbdfd6211,0.019639,0.055067,0.007633,0.015428,0.038958
sage_original_BPP_0899_48da3c0d39,0.020066,0.035714,0.029925,0.018161,0.018924
sage_original_BPP_0900_e84ea4534c,0.044028,0.042842,0.007601,0.016455,0.016929
sage_original_BPP_0901_06c2be82d8,0.038592,0.026624,0.004788,0.014264,0.015107
sage_original_BPP_0902_c61bd07f5c,0.021472,0.036196,0.026243,0.032637,0.018959
sage_original_BPP_0903_aa7a292e6a,0.021976,0.058249,0.023438,0.034396,0.019142
sage_original_BPP_0904_4b8d3be785,0.037308,0.038649,0.005706,0.015280,0.018886
sage_original_BPP_0905_a956b1dde6,0.020963,0.029775,0.005167,0.014921,0.020828
sage_original_BPP_0906_d95b422a8d,0.020208,0.038152,0.005648,0.017592,0.021727
sage_original_BPP_0907_c3618517d7,0.037519,0.031991,0.005892,0.017339,0.016195
sage_original_BPP_0908_c56d4163bd,0.044946,0.036488,0.006557,0.022338,0.021764
sage_original_BPP_0909_a47e83561d,0.021921,0.036467,0.026240,0.044713,0.028909
sage_original_BPP_0910_52c5f003a5,0.205370,0.039639,0.028333,0.017605,0.017865
sage_original_BPP_0911_2bf072489c,0.018575,0.027089,0.024792,0.004504,0.033968
sage_original_BPP_0912_e405d08b61,0.021413,0.027500,0.004711,0.014465,0.015386
sage_original_BPP_0913_03c3bdf8fd,0.023582,0.037915,0.006627,0.017433,0.042179
sage_original_BPP_0914_908f595318,0.039937,0.038250,0.006627,0.022940,0.045128
sage_original_BPP_0915_b5d4a4609e,0.022483,0.033179,0.005608,0.015597,0.035393
sage_original_BPP_0916_6d94fc5610,0.024161,0.048221,0.030547,0.041241,0.050732
sage_original_BPP_0917_dce0c82512,0.024269,0.056320,0.023302,0.037281,0.019317
sage_original_BPP_0918_e6586f83af,0.023072,0.036611,0.027008,0.018405,0.018376
sage_original_BPP_0919_4da6082516,0.047417,0.063280,0.011174,0.060402,0.045073
sage_original_BPP_0920_23816d7676,0.041076,0.055012,0.006141,0.017899,0.024339
sage_original_BPP_0921_96306130e3,0.039598,0.029710,0.005136,0.015248,0.020568
sage_original_BPP_0922_8fee5ffd3a,0.020031,0.031475,0.029252,0.017583,0.018213
sage_original_BPP_0923_f8f01245ff,0.021785,0.034364,0.024158,0.018056,0.018466
sage_original_BPP_0924_77cad43bd1,0.043793,0.061327,0.023277,0.017892,0.022291
sage_original_BPP_0925_11d903f0b5,0.037496,0.048887,0.027784,0.015032,0.021529
sage_original_BPP_0926_a905277617,0.021502,0.032261,0.005521,0.016842,0.017050
sage_original_BPP_0927_4f70efa98e,0.020064,0.037668,0.008083,0.015089,0.015631
sage_original_BPP_0928_b865b1d0c0,0.019973,0.053241,0.005558,0.032308,0.014464
sage_original_BPP_0929_684c1b3aa1,0.021056,0.030763,0.005283,0.036774,0.019878
sage_original_BPP_0930_d69213027d,0.037623,0.032905,0.005261,0.017664,0.017739
sage_original_BPP_0931_cdc2de6df8,0.022773,0.038284,0.006159,0.017570,0.025306
sage_original_BPP_0932_777932a495,0.020450,0.038279,0.006043,0.018067,0.029700
sage_original_BPP_0933_b3530e9a3b,0.027801,0.066263,0.011414,0.028930,0.055502
sage_original_BPP_0934_5a8b70c583,0.023133,0.036889,0.006098,0.017860,0.025040
sage_original_BPP_0935_8dd4fd7bae,0.024136,0.036929,0.006093,0.018308,0.024218
sage_original_BPP_0936_94cd4fe51f,0.021598,0.038635,0.006645,0.017648,0.028783
sage_original_BPP_0937_a577dfa1d0,0.039350,0.033226,0.005674,0.017412,0.017599
sage_original_BPP_0938_e12ce39075,0.021357,0.036655,0.013176,0.017985,0.045123
sage_original_BPP_0939_9e92e0bc25,0.020474,0.032778,0.005978,0.016077,0.015252
sage_original_BPP_0940_c1aca230da,0.022666,0.031023,0.005716,0.017200,0.020450
sage_original_BPP_0941_a708b64e3d,0.020057,0.035653,0.005618,0.016686,0.020234
sage_original_BPP_0942_019b01ce44,0.023071,0.034766,0.005676,0.017404,0.017695
sage_original_BPP_0943_fbe631cb9c,0.023829,0.064775,0.009063,0.018805,0.019741
sage_original_BPP_0944_9c4f45ec40,0.023028,0.032619,0.005502,0.016630,0.017411
sage_original_BPP_0945_053b222049,0.022033,0.042809,0.006859,0.017554,0.024239
sage_original_BPP_0946_e9873b2682,0.022340,0.064180,0.007892,0.023548,0.024469
sage_original_BPP_0947_e1d190916c,0.022691,0.035599,0.029103,0.042439,0.043465
sage_original_BPP_0948_85f906bbbb,0.037553,0.052753,0.005505,0.018471,0.019333
sage_original_BPP_0949_aeec9c7642,0.022341,0.028680,0.004849,0.015823,0.038704
sage_original_BPP_0950_7007013c7e,0.020521,0.031827,0.005451,0.017339,0.018134
sage_original_BPP_0951_fa16d8d121,0.024980,0.042443,0.006195,0.022187,0.023761
sage_original_BPP_0952_9dcf059571,0.020488,0.032992,0.005619,0.017607,0.018575
sage_original_BPP_0953_ff8b97c95e,0.022522,0.032898,0.005497,0.017753,0.018318
sage_original_BPP_0954_f26a4cbf23,0.022387,0.038301,0.005784,0.017685,0.018663
sage_original_BPP_0955_264f57e718,0.020439,0.038126,0.006830,0.017057,0.028356
sage_original_BPP_0956_c122bed821,0.019365,0.029588,0.005159,0.016869,0.020824
sage_original_BPP_0957_bf74fc0a62,0.022880,0.038131,0.006838,0.018932,0.044791
sage_original_BPP_0958_bd19525ba6,0.021097,0.041036,0.006772,0.022252,0.021692
sage_original_BPP_0959_66cd22003c,0.020372,0.045152,0.006248,0.020735,0.022256
sage_original_BPP_0960_63558d5be6,0.038433,0.031961,0.006171,0.015710,0.018188
sage_original_BPP_0961_34f60647d8,0.019907,0.029724,0.005199,0.015551,0.042153
sage_original_BPP_0962_bfff855ff8,0.020972,0.038075,0.006234,0.017701,0.046616
sage_original_BPP_0963_8ce619fdce,0.023546,0.038145,0.006680,0.021223,0.024071
sage_original_BPP_0964_754475702d,0.022300,0.036991,0.008333,0.020677,0.025993
sage_original_BPP_0965_40a68b2f55,0.022006,0.038607,0.026846,0.025701,0.021975
sage_original_BPP_0966_52edbc786f,0.022722,0.040861,0.007139,0.017629,0.034822
sage_original_BPP_0967_d00a439a75,0.022240,0.037901,0.006302,0.017565,0.023732
sage_original_BPP_0968_4a6e11feea,0.021645,0.035044,0.006072,0.018247,0.018531
sage_original_BPP_0969_bd3b9e7450,0.021739,0.033344,0.005711,0.017301,0.015280
sage_original_BPP_0970_6f9b10c528,0.044999,0.031695,0.022882,0.015043,0.018036
sage_original_BPP_0971_939c696b80,0.023352,0.036873,0.007015,0.040936,0.039333
sage_original_BPP_0972_89c88de8b8,0.037684,0.032480,0.005968,0.017517,0.019663
sage_original_BPP_0973_f684b2de2d,0.022320,0.068448,0.006057,0.020671,0.025740
sage_original_BPP_0974_9a5f4ed8e9,0.022204,0.039201,0.008503,0.045826,0.046283
sage_original_BPP_0975_392e3439ea,0.021128,0.037033,0.006630,0.017773,0.029141
sage_original_BPP_0976_0b310f7c05,0.020878,0.038573,0.006136,0.023661,0.024794
sage_original_BPP_0977_52e118ae33,0.039705,0.038402,0.006187,0.017677,0.021591
sage_original_BPP_0978_b24488b26b,0.020989,0.038179,0.006143,0.018377,0.055909
sage_original_BPP_0979_26e396bf71,0.020771,0.037236,0.006119,0.021518,0.023969
sage_original_BPP_0980_5a20b92b90,0.019899,0.033235,0.005731,0.014941,0.021330
sage_original_BPP_0981_7ff8b9cde2,0.021814,0.035278,0.006512,0.039488,0.021228
sage_original_BPP_0982_f36642d8f1,0.022312,0.054010,0.006231,0.017994,0.019659
sage_original_BPP_0983_4b418b84ed,0.024551,0.035485,0.005875,0.037195,0.017951
sage_original_BPP_0984_ec9b614355,0.041535,0.030575,0.005179,0.016506,0.016629
sage_original_BPP_0985_00cbb1683e,0.021487,0.033292,0.005500,0.031864,0.036096
sage_original_BPP_0986_7f1078f9ea,0.022679,0.042228,0.029971,0.017688,0.024222
sage_original_BPP_0987_88daedeae5,0.019537,0.032732,0.005443,0.017188,0.017480
sage_original_BPP_0988_a9054e2a70,0.020990,0.029871,0.005162,0.016090,0.016587
sage_original_BPP_0989_37f8747934,0.771724,0.050633,0.008095,0.034745,0.018737
sage_original_BPP_0990_6355e7351e,0.019841,0.033180,0.005479,0.018387,0.017605
sage_original_BPP_0991_d967726eb9,0.021115,0.041409,0.005998,0.037559,0.021888
sage_original_BPP_0992_6e27dce570,0.043137,0.056236,0.023228,0.047564,0.044828
sage_original_BPP_0993_8ee8012f88,0.038007,0.057209,0.027847,0.036045,0.037090
sage_original_BPP_0994_c0e425ecbf,0.033476,0.029040,0.025525,0.023857,0.002666
sage_original_BPP_0995_7e8940ea54,0.021416,0.058344,0.029775,0.020478,0.039219
sage_original_BPP_0996_8ecb914096,0.019258,0.032200,0.023406,0.036619,0.018402
sage_original_BPP_0997_7df5634987,0.040065,0.036941,0.006058,0.022512,0.043782
sage_original_BPP_0998_de8060cc9f,0.022432,0.038162,0.006176,0.040581,0.048462
sage_original_BPP_0999_2ca7e06d4c,0.040066,0.050626,0.030234,0.032288,0.016053
sage_original_BPP_1000_590801338e,0.043006,0.056580,0.027355,0.017960,0.041383
sage_original_BPP_1001_3f3a1c3974,0.043620,0.051860,0.005082,0.015147,0.021014
sage_original_BPP_1002_883cdc80fb,0.041600,0.032038,0.005485,0.017437,0.018159
sage_original_BPP_1003_2afd22f3e7,0.020274,0.035190,0.024795,0.017052,0.017121
sage_original_BPP_1004_3eaa0d38e2,0.022202,0.034405,0.029646,0.018267,0.022309
sage_original_BPP_1005_4cd1bcf740,0.022198,0.055210,0.022454,0.040213,0.036080
sage_original_BPP_1006_e7cbdfb94b,0.040489,0.036865,0.006642,0.027088,0.046307
sage_original_BPP_1007_854ca1875e,0.036911,0.050129,0.004815,0.014410,0.032969
sage_original_BPP_1008_7675b5a4e6,0.020836,0.062008,0.025746,0.017225,0.039284
sage_original_BPP_1009_aef6b0f66b,0.020289,0.034508,0.005783,0.017360,0.040315
sage_original_BPP_1010_f0e8fe5abf,0.038413,0.030755,0.025288,0.015232,0.020600
sage_original_BPP_1011_282060e91e,0.019635,0.034961,0.005737,0.017769,0.018342
sage_original_BPP_1012_2a49602004,0.041478,0.037600,0.030039,0.038554,0.021416
sage_original_BPP_1013_9d2aba66ef,0.021767,0.054396,0.026825,0.017804,0.038591
sage_original_BPP_1014_1ab92b06d9,0.042212,0.059983,0.025735,0.039073,0.017642
sage_original_BPP_1015_24e3d0ec18,0.023363,0.038295,0.008216,0.017594,0.025092
sage_original_BPP_1016_ae4eb23651,0.020118,0.032385,0.005598,0.040124,0.018103
sage_original_BPP_1017_8233a8e2a2,0.024081,0.035329,0.005817,0.017820,0.018888
sage_original_BPP_1018_9c8ee5d325,0.046371,0.063672,0.011444,0.028049,0.039869
sage_original_BPP_1019_1f530a7917,0.021338,0.035676,0.005677,0.016248,0.022698
sage_original_BPP_1020_4a6f199998,0.019934,0.033865,0.005538,0.016946,0.017639
sage_original_BPP_1021_e7cd470805,0.021604,0.026979,0.005224,0.016230,0.016369
sage_original_BPP_1022_bd9e6644b4,0.020534,0.027113,0.024088,0.014439,0.035636
sage_original_BPP_1023_51ca6f2efa,0.021529,0.034431,0.005921,0.017943,0.017894
sage_original_BPP_1024_82030a6e8b,0.021355,0.032286,0.005355,0.016080,0.016792
sage_original_BPP_1025_a0e7b9e758,0.044784,0.053591,0.005763,0.017757,0.017760
sage_original_BPP_1026_dc98cf1330,0.020967,0.031572,0.006528,0.021741,0.023038
sage_original_BPP_1027_44245e16a8,0.019950,0.038218,0.005613,0.017684,0.020209
sage_original_BPP_1028_da912ac7fb,0.018953,0.029648,0.005040,0.014578,0.042100
sage_original_BPP_1029_4d02764d07,0.021796,0.036602,0.005670,0.014884,0.024981
sage_original_BPP_1030_7ac6fd8119,0.021019,0.033021,0.005687,0.015382,0.017029
sage_original_BPP_1031_0aba13f1c4,0.045173,0.030028,0.005135,0.016243,0.016414
sage_original_BPP_1032_f989582ac4,0.021793,0.038380,0.006604,0.023047,0.045264
sage_original_BPP_1033_03337bb086,0.020085,0.046965,0.028437,0.023212,0.021921
sage_original_BPP_1034_8cc2a05ae2,0.044117,0.033130,0.023193,0.017121,0.016732
sage_original_BPP_1035_df1e6190be,0.038650,0.052836,0.005860,0.018240,0.035460
sage_original_BPP_1036_1901bd0dd3,0.020098,0.035715,0.007018,0.017309,0.021392
sage_original_BPP_1037_0a99684a42,0.027086,0.062868,0.009264,0.024584,0.061232
sage_original_BPP_1038_3bf257c03a,0.019719,0.036702,0.006896,0.021528,0.021663
sage_original_BPP_1039_524da2725b,0.019861,0.037860,0.006093,0.019968,0.022101
sage_original_BPP_1040_6ff3e731e0,0.040857,0.035858,0.006222,0.017711,0.023759
sage_original_BPP_1041_a725be6874,0.020531,0.029045,0.005204,0.014938,0.019553
sage_original_BPP_1042_9c870a0eca,0.042675,0.052452,0.005446,0.017040,0.018227
sage_original_BPP_1043_4110137aad,0.050389,0.094683,0.044821,0.051995,0.032873
sage_original_BPP_1044_a9e018ea5d,0.022422,0.040678,0.029677,0.017921,0.041450
sage_original_BPP_1045_fdb461e6e8,0.021542,0.030853,0.022660,0.016535,0.039447
sage_original_BPP_1046_c12429fb36,0.045131,0.055632,0.028138,0.042707,0.022578
sage_original_BPP_1047_92f42a0e00,0.039576,0.048795,0.008502,0.024395,0.025208
sage_original_BPP_1048_d8b8bdfc09,0.023563,0.038607,0.006032,0.015546,0.016540
sage_original_BPP_1049_a744f05726,0.022746,0.037543,0.006145,0.017473,0.024381
sage_original_BPP_1050_9a40b91532,0.022398,0.056855,0.006059,0.017904,0.026272
sage_original_BPP_1051_bfef40ebc3,0.021644,0.032634,0.005559,0.038915,0.015431
sage_original_BPP_1052_c44a7b050d,0.019722,0.050799,0.005554,0.017450,0.017486
sage_original_BPP_1053_da05084e4f,0.022308,0.045312,0.008228,0.022581,0.021388
sage_original_BPP_1054_ac25d62d15,0.028508,0.091962,0.044858,0.040543,0.044170
sage_original_BPP_1055_6a5de69ea7,0.044616,0.044181,0.007734,0.018036,0.021619
sage_original_BPP_1056_02277e8ff8,0.020768,0.038063,0.006846,0.018639,0.023408
sage_original_BPP_1057_0172b15bae,0.019929,0.029095,0.005363,0.017282,0.018900
sage_original_BPP_1058_9e1d7b2e89,0.042719,0.037541,0.006910,0.018162,0.038321
sage_original_BPP_1059_b3090b7ee0,0.020397,0.051902,0.005992,0.015383,0.033927
sage_original_BPP_1060_bba4008b6d,0.022703,0.037611,0.028745,0.020487,0.028085
sage_original_BPP_1061_de3d58c196,0.038134,0.029560,0.005129,0.015019,0.020380
sage_original_BPP_1062_9916a6f177,0.580631,0.067763,0.027867,0.043928,0.041542
sage_original_BPP_1063_91d0eb6295,0.046973,0.058387,0.027339,0.016235,0.034927
sage_original_BPP_1064_b696238a2d,0.044079,0.056647,0.028487,0.018375,0.016048
sage_original_BPP_1065_5be1803632,0.043475,0.031327,0.005880,0.017276,0.019444
sage_original_BPP_1066_da0b0285bd,0.022184,0.054827,0.005730,0.018276,0.018929
sage_original_BPP_1067_838b1e2235,0.021847,0.041341,0.007764,0.021817,0.021403
sage_original_BPP_1068_b53cb4a816,0.019948,0.031673,0.025513,0.014894,0.015615
sage_original_BPP_1069_08b16a6728,0.021657,0.031003,0.005256,0.016380,0.016797
sage_original_BPP_1070_7b9e96a55c,0.147460,0.036817,0.006695,0.017355,0.017299
sage_original_BPP_1071_20fe8d4413,0.040004,0.036844,0.025213,0.024557,0.021777
sage_original_BPP_1072_4912bd8247,0.022667,0.058531,0.005584,0.020438,0.047022
sage_original_BPP_1073_101f760efb,0.021974,0.037387,0.006738,0.015270,0.021343
sage_original_BPP_1074_50d5b921f4,0.020308,0.032881,0.005604,0.017828,0.019283
sage_original_BPP_1075_19f014429f,0.027234,0.063267,0.044630,0.024391,0.031397
sage_original_BPP_1076_19f1473f24,0.021074,0.074146,0.008153,0.037774,0.043580
sage_original_BPP_1077_48f5b7196a,0.038860,0.051003,0.004720,0.038175,0.015269
sage_original_BPP_1078_d5bc7d8198,0.020724,0.029512,0.005061,0.014748,0.036629
sage_original_BPP_1079_fa25c59699,0.020050,0.050254,0.004671,0.014241,0.014740
sage_original_BPP_1080_dc77a8058e,0.021591,0.040574,0.024413,0.022880,0.042183
sage_original_BPP_1081_dec0484426,0.022713,0.032259,0.005507,0.016386,0.016906
sage_original_BPP_1082_f97826f641,0.344591,0.084976,0.010327,0.019593,0.034316
sage_original_BPP_1083_0d29eb1400,0.024850,0.036488,0.006110,0.017210,0.024940
sage_original_BPP_1084_f1dd7674b9,0.022300,0.039144,0.006025,0.018224,0.039387
sage_original_BPP_1085_863db4c43c,0.019980,0.032976,0.005446,0.014886,0.018972
sage_original_BPP_1086_de3405d847,0.020416,0.051169,0.005893,0.014669,0.015273
sage_original_BPP_1087_936e9eaa23,0.038464,0.078029,0.023940,0.039180,0.024225
sage_original_BPP_1088_eefb5183f4,0.136047,0.054384,0.006525,0.017769,0.017701
sage_original_BPP_1089_a5f6b77426,0.019769,0.032696,0.005442,0.017666,0.018059
sage_original_BPP_1090_b5d995d86f,0.020573,0.037197,0.024438,0.017919,0.045550
sage_original_BPP_1091_fc441962ff,0.037793,0.030531,0.027218,0.037878,0.038297
sage_original_BPP_1092_54c0869e08,0.019027,0.056511,0.028165,0.036343,0.040271
sage_original_BPP_1093_e7954ba4ca,0.045469,0.063724,0.027231,0.025160,0.018836
sage_original_BPP_1094_0c70cccbad,0.020396,0.056298,0.026992,0.037609,0.018606
sage_original_BPP_1095_30451cb75f,0.044882,0.049517,0.036576,0.020133,0.022818
sage_original_BPP_1096_2e84841eed,0.047262,0.037679,0.029284,0.022892,0.050739
sage_original_BPP_1097_28d0eb58ff,0.043196,0.032629,0.029399,0.016886,0.016986
sage_original_BPP_1098_0371052b95,0.023983,0.046976,0.027767,0.035511,0.047017
sage_original_BPP_1099_445d0b49fd,0.041159,0.033348,0.022349,0.037518,0.036174
sage_original_BPP_1100_e9e023607d,0.040488,0.051152,0.005320,0.041885,0.018338
sage_original_BPP_1101_125dce6e4e,0.020735,0.056416,0.030315,0.044972,0.047368
sage_original_BPP_1102_e3ee98aa43,0.042527,0.033814,0.005582,0.043005,0.018388
sage_original_BPP_1103_e49eab9e16,0.022478,0.058943,0.028912,0.018068,0.024700
sage_original_BPP_1104_1469b6881a,0.020734,0.026797,0.004738,0.016164,0.038201
sage_original_BPP_1105_3a6bc2e36e,0.041652,0.030607,0.026318,0.016950,0.033624
sage_original_BPP_1106_09f81b0c99,0.043706,0.037515,0.006835,0.045308,0.021538
sage_original_BPP_1107_c43373e441,0.023207,0.053910,0.030147,0.017377,0.022765
sage_original_BPP_1108_004693bd11,0.036607,0.046829,0.005307,0.014310,0.014977
sage_original_BPP_1109_dddac9206c,0.027777,0.066414,0.010391,0.032011,0.034008
sage_original_BPP_1110_4961380a7a,0.020645,0.052855,0.005239,0.014820,0.043053
sage_original_BPP_1111_d544435ced,0.025717,0.053554,0.022069,0.040617,0.042448
sage_original_BPP_1112_920e32232d,0.045141,0.050031,0.029369,0.015975,0.037892
sage_original_BPP_1113_5b16656887,0.039357,0.048148,0.022245,0.015548,0.021759
sage_original_BPP_1114_6c4d47419b,0.022928,0.037728,0.006104,0.018539,0.045452
sage_original_BPP_1115_d7ddf4bbba,0.019917,0.034124,0.006105,0.036784,0.017733
sage_original_BPP_1116_820a2092e6,0.027929,0.038679,0.007909,0.016166,0.033353
sage_original_BPP_1117_af4cd9b3c7,0.028513,0.066063,0.008523,0.024555,0.034499
sage_original_BPP_1118_6660a4ab12,0.019675,0.056226,0.005785,0.043169,0.038941
sage_original_BPP_1119_e475b3da31,0.002924,0.026425,0.024673,0.003865,0.022836
sage_original_BPP_1120_042d3468d5,0.022011,0.034357,0.022699,0.018390,0.022526
sage_original_BPP_1121_1900398981,0.023312,0.059795,0.006101,0.017838,0.022074
sage_original_BPP_1122_2abb6161e9,0.024505,0.061888,0.023848,0.018701,0.024800
sage_original_BPP_1123_d97fc5550f,0.023189,0.054617,0.024217,0.032084,0.016213
sage_original_BPP_1124_1b9e6ca703,0.022563,0.031714,0.022927,0.017457,0.017323
sage_original_BPP_1125_baecbfe79d,0.041865,0.028711,0.004833,0.014765,0.033282
sage_original_BPP_1126_d56f01da70,0.021345,0.037189,0.028977,0.040348,0.025265
sage_original_BPP_1127_aaddc0aff5,0.044740,0.050680,0.004792,0.014835,0.016321
sage_original_BPP_1128_e28cf26be2,0.023320,0.049418,0.029897,0.021783,0.048884
sage_original_BPP_1129_a981f91df7,0.042121,0.039017,0.006989,0.018404,0.022513
sage_original_BPP_1130_8dac3850d1,0.023101,0.061298,0.006932,0.023756,0.043619
sage_original_BPP_1131_42876cd5ed,0.039017,0.037436,0.006255,0.017189,0.021391
sage_original_BPP_1132_5c5cd0ba82,0.021072,0.031501,0.005433,0.014452,0.014961
sage_original_BPP_1133_c71deb4fe9,0.022725,0.035459,0.005742,0.018421,0.021705
sage_original_BPP_1134_7596c5e236,0.021548,0.027768,0.025867,0.014977,0.015595
sage_original_BPP_1135_cf45d2c8bd,0.037045,0.027279,0.024498,0.014741,0.015971
sage_original_BPP_1136_b47ef2d784,0.040802,0.051464,0.005692,0.017454,0.018220
sage_original_BPP_1137_c08fdb9f62,0.038617,0.033053,0.028647,0.017923,0.017982
sage_original_BPP_1138_4cf37f91f9,0.021159,0.032926,0.005090,0.014935,0.021148
sage_original_BPP_1139_261694f622,0.027730,0.063143,0.024480,0.025925,0.026896
sage_original_BPP_1140_243511f8ca,0.476560,0.072784,0.032297,0.052514,0.054324
sage_original_BPP_1141_7517a3d593,0.045810,0.058662,0.007987,0.026194,0.042302
sage_original_BPP_1142_d0ce04d9d6,0.021683,0.026806,0.004896,0.015452,0.015747
sage_original_BPP_1143_339d48436f,0.022460,0.032788,0.023314,0.017088,0.017855
sage_original_BPP_1144_724fa737ec,0.045194,0.057955,0.026087,0.036582,0.019161
sage_original_BPP_1145_b19243e1bb,0.043483,0.051169,0.028477,0.038663,0.032086
sage_original_BPP_1146_d495ede809,0.020531,0.055022,0.022726,0.039903,0.015797
sage_original_BPP_1147_737a31d909,0.022557,0.041893,0.035793,0.045732,0.046812
sage_original_BPP_1148_91fad942d7,0.020854,0.053742,0.028523,0.040154,0.040983
sage_original_BPP_1149_0b5f81fd57,0.040282,0.033672,0.029073,0.034259,0.017730
sage_original_BPP_1150_399c57f944,0.046023,0.038579,0.006088,0.017852,0.024589
sage_original_BPP_1151_b3c44f2257,0.019663,0.032352,0.005563,0.018482,0.039218
sage_original_BPP_1152_802968495e,0.041855,0.053967,0.005570,0.017377,0.017201
sage_original_BPP_1153_99984aa235,0.020564,0.046364,0.029167,0.022888,0.022201
sage_original_BPP_1154_94900f1712,0.020676,0.027197,0.004792,0.014191,0.037084
sage_original_BPP_1155_3988e45cfa,0.019037,0.032371,0.005481,0.017029,0.017830
sage_original_BPP_1156_974aede27f,0.021759,0.032230,0.005678,0.016464,0.016842
sage_original_BPP_1157_c8bb8381be,0.019535,0.028130,0.021552,0.015481,0.015968
sage_original_BPP_1158_82ca7f463c,0.020087,0.036916,0.006294,0.017996,0.020880
sage_original_BPP_1159_61a49e4856,0.021814,0.033312,0.005415,0.017580,0.017811
sage_original_BPP_1160_918e296185,0.023068,0.104253,0.024002,0.022276,0.057138
sage_original_BPP_1161_e465b25772,0.021682,0.037356,0.025686,0.019823,0.024814
sage_original_BPP_1162_c6467336ab,0.019346,0.031677,0.027323,0.017084,0.017885
sage_original_BPP_1163_3cf3dd889e,0.020614,0.029134,0.005196,0.014743,0.020579
sage_original_BPP_1164_90fedc4c39,0.022588,0.032887,0.027189,0.016619,0.016778
sage_original_BPP_1165_3012e78b09,0.021149,0.031039,0.026083,0.014728,0.015320
sage_original_BPP_1166_ef219f8c5c,0.023031,0.037675,0.006761,0.022041,0.061442
sage_original_BPP_1167_a0e6243014,0.020782,0.042594,0.006376,0.041407,0.027849
sage_original_BPP_1168_bdbe683af9,0.021699,0.041164,0.005713,0.017756,0.021565
sage_original_BPP_1169_31b6d2b4b6,0.043694,0.038454,0.006744,0.022325,0.041338
sage_original_BPP_1170_faef75530a,0.042384,0.054175,0.027260,0.040754,0.018527
sage_original_BPP_1171_2381a958b3,0.046990,0.064786,0.025368,0.024375,0.044841
sage_original_BPP_1172_39f4ab3b77,0.038737,0.057807,0.029807,0.016869,0.015602
sage_original_BPP_1173_f45af5ca0f,0.021648,0.037780,0.007828,0.023207,0.040947
sage_original_BPP_1174_1099603545,0.182262,0.057871,0.028401,0.018633,0.018346
sage_original_BPP_1175_b613cd1ecb,0.023469,0.054059,0.005693,0.016987,0.038197
sage_original_BPP_1176_55138915bb,0.022686,0.028187,0.005317,0.015089,0.017932
sage_original_BPP_1177_078526265e,0.022439,0.039496,0.006167,0.017144,0.022403
sage_original_BPP_1178_224f2e601b,0.020474,0.048931,0.005395,0.017519,0.017405
sage_original_BPP_1179_9da0289fc0,0.019403,0.031270,0.005998,0.033813,0.019341
sage_original_BPP_1180_f9370e7940,0.040349,0.062210,0.010681,0.037462,0.021837
sage_original_BPP_1181_339365bc9a,0.022546,0.032707,0.005567,0.015883,0.031900
sage_original_BPP_1182_cb857c1fb1,0.022143,0.034641,0.025459,0.035828,0.017568
sage_original_BPP_1183_fcb36b420a,0.039965,0.057158,0.005821,0.018106,0.040327
sage_original_BPP_1184_f62550ea1e,0.042109,0.059775,0.007921,0.035426,0.021965
sage_original_BPP_1185_0f7975d393,0.020358,0.033343,0.005278,0.017068,0.017712
sage_original_BPP_1186_b7edadcd62,0.021722,0.041782,0.005586,0.017971,0.034570
sage_original_BPP_1187_b18453b217,0.021700,0.036076,0.008152,0.017323,0.021370
sage_original_BPP_1188_039b67a641,0.038780,0.037099,0.006629,0.040291,0.021568
sage_original_BPP_1189_90ab0368a6,0.043218,0.058720,0.006145,0.017573,0.023979
sage_original_BPP_1190_9c27f887b0,0.038023,0.055090,0.022364,0.014754,0.040836
sage_original_BPP_1191_f915fdae6b,0.045787,0.055857,0.027157,0.040751,0.039170
sage_original_BPP_1192_84cc4d24ea,0.043511,0.046855,0.024644,0.014748,0.015805
sage_original_BPP_1193_63e515d90d,0.044631,0.079820,0.024142,0.037646,0.040726
sage_original_BPP_1194_9bbacc6dd6,0.044236,0.034323,0.005754,0.032758,0.022139
sage_original_BPP_1195_645c4a493e,0.044609,0.041247,0.026548,0.019537,0.038698
sage_original_BPP_1196_cbe0650202,0.023929,0.038125,0.006214,0.018206,0.043792
sage_original_BPP_1197_12fc2557b2,0.039024,0.060759,0.005717,0.016069,0.022867
sage_original_BPP_1198_1920f8b9b0,0.022291,0.040947,0.005642,0.017504,0.021064
sage_original_BPP_1199_9bfc09f729,0.022453,0.037446,0.007988,0.022964,0.040478
sage_original_BPP_1200_f1a780e351,0.022912,0.037510,0.006103,0.017872,0.046276
sage_original_BPP_1201_a23097f450,0.023203,0.044020,0.014646,0.018416,0.020779
sage_original_BPP_1202_2b65454970,0.027477,0.075396,0.009010,0.025822,0.049437
sage_original_BPP_1203_727f79aab2,0.042779,0.037499,0.005839,0.018745,0.018567
sage_original_BPP_1204_d8cbc230ca,0.021880,0.036795,0.006726,0.017958,0.021517
sage_original_BPP_1205_421e9c0924,0.019198,0.032401,0.024701,0.017434,0.018270
sage_original_BPP_1206_b752b4fd81,0.019901,0.035247,0.029175,0.016595,0.017755
sage_original_BPP_1207_45a24fe16c,0.036655,0.036416,0.032896,0.025872,0.039896
sage_original_BPP_1208_98192a05fe,0.021449,0.029894,0.005490,0.015527,0.020808
sage_original_BPP_1209_fc5d51e7da,0.022317,0.049314,0.006914,0.017708,0.021761
sage_original_BPP_1210_ddaf5662fc,0.042271,0.033481,0.005722,0.017398,0.021459
sage_original_BPP_1211_b7c5aa779a,0.021955,0.035975,0.028837,0.017594,0.021185
sage_original_BPP_1212_e4430d1371,0.021596,0.038191,0.006308,0.016632,0.039452
sage_original_BPP_1213_7040ed6c75,0.021568,0.058342,0.026767,0.017311,0.038420
sage_original_BPP_1214_43f8e69aea,0.020269,0.034365,0.006136,0.018095,0.047678
sage_original_BPP_1215_bf7dd8e0cf,0.021923,0.036492,0.006221,0.018301,0.019160
sage_original_BPP_1216_bb2f6e3f2c,0.019394,0.033330,0.026456,0.017403,0.034807
sage_original_BPP_1217_39ca5bbb85,0.022110,0.037255,0.005999,0.017081,0.021569
sage_original_BPP_1218_83765675a5,0.019778,0.031832,0.005475,0.015220,0.032799
sage_original_BPP_1219_6f47cb49a5,0.021498,0.057713,0.005537,0.016577,0.040749
sage_original_BPP_1220_62f5ec26d7,0.021132,0.044788,0.021767,0.014613,0.015191
sage_original_BPP_1221_a234f2e042,0.020028,0.030167,0.005231,0.014686,0.014718
sage_original_BPP_1222_81d8ed49ba,0.021371,0.048453,0.004936,0.014791,0.020063
sage_original_BPP_1223_6255af0e06,0.019338,0.051395,0.006297,0.014915,0.015360
sage_original_BPP_1224_acf22c624d,0.044433,0.028588,0.005120,0.014824,0.020024
sage_original_BPP_1225_543459cc09,0.042325,0.035999,0.022132,0.017611,0.040284
sage_original_BPP_1226_0d54daea47,0.022928,0.050714,0.006025,0.024707,0.045015
sage_original_BPP_1227_7fef690b58,0.021765,0.029350,0.005141,0.014522,0.020509
sage_original_BPP_1228_35a069515f,0.023376,0.035012,0.005765,0.018075,0.019214
sage_original_BPP_1229_453f1341c3,0.020516,0.027473,0.004721,0.014303,0.015398
sage_original_BPP_1230_976ae25cbf,0.022783,0.037266,0.005977,0.023182,0.049734
sage_original_BPP_1231_981bb02106,0.042482,0.032619,0.023026,0.033562,0.033081
sage_original_BPP_1232_a1a7209459,0.021496,0.048763,0.022851,0.014600,0.014889
sage_original_BPP_1233_d746c9e2bd,0.020471,0.062515,0.005996,0.022856,0.021962
sage_original_BPP_1234_696dc6ef7d,0.039521,0.031882,0.005532,0.014550,0.017096
sage_original_BPP_1235_d8b714485c,0.021033,0.032261,0.022915,0.017007,0.017179
sage_original_BPP_1236_d49ad3a680,0.019812,0.031587,0.026128,0.017708,0.034675
sage_original_BPP_1237_fc2fd9f570,0.027957,0.064784,0.025342,0.026578,0.036741
sage_original_BPP_1238_5fb1d5c8b8,0.022571,0.039002,0.025477,0.017218,0.024713
sage_original_BPP_1239_07dc51c5a5,0.040355,0.034933,0.005945,0.015076,0.015251
sage_original_BPP_1240_d83599bf85,0.022408,0.041470,0.007071,0.017514,0.041723
sage_original_BPP_1241_80d6703508,0.040293,0.032698,0.005991,0.017268,0.017354
sage_original_BPP_1242_b8acd3befa,0.019878,0.032266,0.005465,0.017412,0.017448
sage_original_BPP_1243_c6ef72c46d,0.020671,0.052459,0.005075,0.015502,0.020828
sage_original_BPP_1244_fbb7c02fb1,0.041955,0.037082,0.008538,0.017383,0.023392
sage_original_BPP_1245_9c66aa44a4,0.023927,0.058784,0.005992,0.018023,0.042135
sage_original_BPP_1246_605cfd4049,0.022749,0.053089,0.005981,0.020861,0.039285
sage_original_BPP_1247_b35e155f99,0.045139,0.057661,0.025885,0.022264,0.043271
sage_original_BPP_1248_e1718a1e2d,0.020718,0.050623,0.005754,0.038111,0.041992
sage_original_BPP_1249_c4ea8bb231,0.022897,0.055900,0.026329,0.038821,0.044434
sage_original_BPP_1250_e0980c5642,0.019486,0.034296,0.025836,0.040354,0.017944
sage_original_BPP_1251_b154225e89,0.040649,0.038748,0.022552,0.040495,0.022470
sage_original_BPP_1252_9d78ee9ba2,0.043023,0.032702,0.028819,0.017840,0.041812
sage_original_BPP_1253_ac62d36138,0.051231,0.088674,0.011302,0.063006,0.064993
sage_original_BPP_1254_6dc4fc966c,0.051389,0.076928,0.046923,0.031861,0.042464
sage_original_BPP_1255_67a55bef70,0.043208,0.048009,0.024173,0.016188,0.044504
sage_original_BPP_1256_ca21d5480f,0.024854,0.066974,0.006046,0.018089,0.024275
sage_original_BPP_1257_830ed17b55,0.044850,0.050375,0.005439,0.038145,0.040503
sage_original_BPP_1258_ae488b8f8d,0.023145,0.053188,0.007904,0.022895,0.047066
sage_original_BPP_1259_05475b6e49,0.022748,0.066981,0.006472,0.021390,0.021814
sage_original_BPP_1260_7fb0dc4c01,0.023390,0.032470,0.005924,0.014994,0.014984
sage_original_BPP_1261_24a9f464f5,0.026647,0.064455,0.024963,0.022397,0.038612
sage_original_BPP_1262_47b637c067,0.038932,0.032052,0.022240,0.016882,0.017527
sage_original_BPP_1263_59e9ace876,0.040958,0.030484,0.005148,0.014595,0.016934
sage_original_BPP_1264_0e137e125e,0.019772,0.031411,0.005498,0.017488,0.035568
sage_original_BPP_1265_474f38fd04,0.022536,0.036970,0.047329,0.017094,0.023113
sage_original_BPP_1266_b91a3a2c24,0.021358,0.032384,0.034147,0.040355,0.016614
sage_original_BPP_1267_34b5c86644,0.040407,0.035966,0.005447,0.017483,0.018015
sage_original_BPP_1268_6babdacf14,0.020744,0.043612,0.006622,0.039723,0.022037
sage_original_BPP_1269_3a2bffb655,0.022016,0.030778,0.005205,0.016887,0.016985
sage_original_BPP_1270_713a51c0ee,0.022346,0.036752,0.006054,0.022033,0.020900
sage_original_BPP_1271_ce4aa4aa3b,0.021763,0.030141,0.005154,0.014687,0.020693
sage_original_BPP_1272_980f53ede9,0.019334,0.041609,0.005510,0.018144,0.017534
sage_original_BPP_1273_35cc672726,0.027011,0.037895,0.006111,0.017778,0.024810
sage_original_BPP_1274_43f145025e,0.019217,0.032331,0.005557,0.017837,0.017768
sage_original_BPP_1275_d868547854,0.020178,0.034400,0.005696,0.014683,0.017091
sage_original_BPP_1276_a4ca081752,0.020060,0.030673,0.005251,0.015031,0.015283
sage_original_BPP_1277_8f6886cb3f,0.021808,0.033459,0.005572,0.015868,0.022760
sage_original_BPP_1278_88e83abd81,0.019702,0.027560,0.004767,0.014848,0.014964
sage_original_BPP_1279_52d68db251,0.139804,0.035943,0.006646,0.034137,0.017656
sage_original_BPP_1280_878eb2ad07,0.043578,0.038759,0.006038,0.042766,0.040601
sage_original_BPP_1281_88bf9f353d,0.019856,0.029559,0.005109,0.014835,0.020798
sage_original_BPP_1282_0a95f702a0,0.020040,0.031010,0.005877,0.016947,0.036600
sage_original_BPP_1283_98224a9ed9,0.020754,0.054729,0.005600,0.016886,0.021267
sage_original_BPP_1284_81a70cf900,0.019583,0.049455,0.005459,0.017267,0.017848
sage_original_BPP_1285_a560362a39,0.021421,0.032958,0.005510,0.016607,0.016465
sage_original_BPP_1286_d2d92ddf43,0.018689,0.050259,0.004657,0.016185,0.017903
sage_original_BPP_1287_6250d03aa6,0.043449,0.027478,0.004812,0.015218,0.039899
sage_original_BPP_1288_55dd4cbfce,0.041219,0.036737,0.027646,0.041247,0.019495
sage_original_BPP_1289_12b7cb6761,0.022623,0.051751,0.004801,0.015910,0.034833
sage_original_BPP_1290_0302f34767,0.022399,0.033498,0.005518,0.016720,0.017709
sage_original_BPP_1291_61ed9eef4f,0.045661,0.032340,0.027201,0.016657,0.016978
sage_original_BPP_1292_740d7facc0,0.020336,0.033704,0.005546,0.015599,0.019501
sage_original_BPP_1293_cf4594930d,0.021719,0.027969,0.004968,0.014649,0.015597
sage_original_BPP_1294_c238b4d12b,0.022762,0.029903,0.005218,0.016588,0.016654
sage_original_BPP_1295_548f958114,0.023752,0.036230,0.005985,0.017726,0.024017
sage_original_BPP_1296_304dd54605,0.020715,0.050661,0.005112,0.014541,0.020175
sage_original_BPP_1297_7867c93afe,0.020040,0.031633,0.005227,0.016950,0.015054
sage_original_BPP_1298_b4285f7b2b,0.022622,0.037490,0.006684,0.020329,0.046628
sage_original_BPP_1299_d9735f6318,0.019990,0.042654,0.006134,0.022126,0.021020
sage_original_BPP_1300_ea71f81a8b,0.019915,0.051586,0.005921,0.016653,0.017294
sage_original_BPP_1301_1a1185ecb7,0.020596,0.028799,0.005516,0.014987,0.020336
sage_original_BPP_1302_1cac5526f7,0.020658,0.031664,0.027568,0.039439,0.045130
sage_original_BPP_1303_9d69785b32,0.038490,0.051532,0.025628,0.037140,0.015005
sage_original_BPP_1304_734e07001a,0.020763,0.060032,0.006835,0.022664,0.039744
sage_original_BPP_1305_58c0708da0,0.021152,0.055262,0.005058,0.034006,0.020728
sage_original_BPP_1306_1431d0d4ed,0.040899,0.031187,0.005604,0.014801,0.014983
sage_original_BPP_1307_1a5cecc03e,0.022469,0.039979,0.024892,0.022544,0.084428
sage_original_BPP_1308_cdc119022b,0.025769,0.045502,0.007370,0.019527,0.021427
sage_original_BPP_1309_08b742bb79,0.019895,0.031750,0.024685,0.017239,0.033191
sage_original_BPP_1310_87c97da6e5,0.020594,0.035836,0.007558,0.035436,0.022343
sage_original_BPP_1311_2527ed226b,0.024114,0.035027,0.005713,0.018185,0.018788
sage_original_BPP_1312_92d26f0bbf,0.024407,0.054818,0.005862,0.018427,0.018893
sage_original_BPP_1313_40948f6b1a,0.020560,0.034556,0.005497,0.014798,0.015098
sage_original_BPP_1314_c9de55aadf,0.020493,0.037582,0.023753,0.020619,0.039280
sage_original_BPP_1315_a6f9fd6a9f,0.037818,0.053955,0.006565,0.015189,0.035874
sage_original_BPP_1316_f2c10e7e2b,0.021595,0.026988,0.004742,0.015123,0.039157
sage_original_BPP_1317_48c7dd1a88,0.043640,0.044436,0.023270,0.016666,0.026543
sage_original_BPP_1318_56d2f11ba4,0.044208,0.041061,0.008234,0.022988,0.085157
sage_original_BPP_1319_e06a0c5800,0.020180,0.032578,0.005636,0.017733,0.017700
sage_original_BPP_1320_30f82bd0ac,0.021207,0.038658,0.006036,0.020569,0.017849
sage_original_BPP_1321_5775145fe7,0.022474,0.037898,0.005786,0.017890,0.019270
sage_original_BPP_1322_9262789dd1,0.019509,0.028617,0.005263,0.016763,0.017112
sage_original_BPP_1323_3c54652c87,0.021470,0.033854,0.026085,0.017352,0.017744
sage_original_BPP_1324_5a6e947398,0.021915,0.030512,0.028352,0.017317,0.016864
sage_original_BPP_1325_6e24abd6c5,0.021796,0.044679,0.006903,0.017319,0.023959
sage_original_BPP_1326_0de09ec823,0.019279,0.028129,0.026643,0.035893,0.036014
sage_original_BPP_1327_8c457f4ee6,0.040993,0.037122,0.023733,0.017653,0.046295
sage_original_BPP_1328_51e27ec36a,0.039617,0.054636,0.006322,0.021338,0.026545
sage_original_BPP_1329_a4687c1255,0.023614,0.035316,0.023937,0.018407,0.018642
sage_original_BPP_1330_c1674ec671,0.037892,0.027621,0.004625,0.014349,0.015147
sage_original_BPP_1331_a5551df51f,0.023178,0.044669,0.025654,0.015347,0.021901
sage_original_BPP_1332_fd81663482,0.021438,0.049627,0.005770,0.034513,0.016958
sage_original_BPP_1333_242efef07b,0.022356,0.059034,0.006151,0.017093,0.021229
sage_original_BPP_1334_e8222e02a1,0.020683,0.028802,0.023658,0.015152,0.015715
sage_original_BPP_1335_8d63523094,0.036885,0.055165,0.006012,0.018090,0.017625
sage_original_BPP_1336_f1745b7dbb,0.257279,0.047828,0.028725,0.018357,0.019207
sage_original_BPP_1337_4c49cdb287,0.046483,0.039931,0.008026,0.018157,0.025412
sage_original_BPP_1338_2600e873d5,0.039392,0.052263,0.023368,0.018719,0.038316
sage_original_BPP_1339_134f38a499,0.044525,0.044156,0.033748,0.028230,0.021941
sage_original_BPP_1340_97a0013310,0.038564,0.038011,0.006317,0.018158,0.047757
sage_original_BPP_1341_8ab1813cc1,0.023436,0.032566,0.028733,0.035848,0.017123
sage_original_BPP_1342_80562c662d,0.039374,0.050797,0.005415,0.017136,0.017018
sage_original_BPP_1343_58906250ec,0.019498,0.031732,0.026006,0.017246,0.036308
sage_original_BPP_1344_73365da4bc,0.042044,0.064973,0.008712,0.018031,0.022672
sage_original_BPP_1345_a4cac1eacc,0.023323,0.033560,0.005494,0.015358,0.015828
sage_original_BPP_1346_e29e83b2c0,0.038809,0.032101,0.005342,0.017724,0.034850
sage_original_BPP_1347_51baecc19a,0.020200,0.057459,0.005257,0.017542,0.017877
sage_original_BPP_1348_c79a7bc842,0.018636,0.027630,0.004571,0.004292,0.014977
sage_original_BPP_1349_88375faed4,0.039547,0.031161,0.023897,0.036601,0.019072
sage_original_BPP_1350_f164cc46dc,0.044963,0.056041,0.024170,0.021693,0.021905
sage_original_BPP_1351_6060cbba77,0.023100,0.036739,0.006014,0.020331,0.024956
sage_original_BPP_1352_d399308af4,0.021012,0.051003,0.005282,0.032909,0.020627
sage_original_BPP_1353_5f5ac34f98,0.023230,0.055978,0.006039,0.017754,0.025083
sage_original_BPP_1354_eefd0161cb,0.022129,0.034076,0.005805,0.018834,0.022098
sage_original_BPP_1355_8fc778a160,0.019922,0.039835,0.005747,0.017173,0.038744
sage_original_BPP_1356_8d5d62f7e9,0.020894,0.029564,0.022503,0.034610,0.021327
sage_original_BPP_1357_cad99ae489,0.020561,0.060363,0.006114,0.041388,0.025733
sage_original_BPP_1358_5f3339249d,0.040049,0.057488,0.029818,0.015620,0.038069
sage_original_BPP_1359_64903e68d7,0.020149,0.031970,0.005370,0.039609,0.018111
sage_original_BPP_1360_489b3a65c8,0.040218,0.032345,0.005538,0.017772,0.017738
sage_original_BPP_1361_4f06469884,0.020199,0.031123,0.029188,0.039545,0.017558
sage_original_BPP_1362_8b01d6e038,0.021579,0.057640,0.023287,0.028402,0.037906
sage_original_BPP_1363_45eb19cd5a,0.053693,0.063533,0.025044,0.037381,0.041039
sage_original_BPP_1364_9542cbaeb3,0.028066,0.078527,0.029981,0.033119,0.045918
sage_original_BPP_1365_7dc83126d0,0.021895,0.030516,0.005020,0.014804,0.020779
sage_original_BPP_1366_ed05f174c4,0.021410,0.055416,0.005409,0.015357,0.021662
sage_original_BPP_1367_c807a5f7ad,0.024315,0.035684,0.029271,0.040503,0.019101
sage_original_BPP_1368_8f42f393d2,0.019330,0.032361,0.005480,0.017283,0.017830
sage_original_BPP_1369_a603eea529,0.050169,0.036427,0.007835,0.015183,0.015289
sage_original_BPP_1370_73d7a3d810,0.023519,0.058439,0.006819,0.041371,0.021587
sage_original_BPP_1371_4171519910,0.022284,0.034805,0.005804,0.017933,0.018122
sage_original_BPP_1372_666785048e,0.027698,0.070883,0.011292,0.027694,0.029244
sage_original_BPP_1373_02e9be4813,0.020363,0.027459,0.004723,0.034624,0.015033
sage_original_BPP_1374_fd06c5230e,0.021942,0.036580,0.025489,0.018068,0.028600
sage_original_BPP_1375_102e02cae6,0.021905,0.035282,0.005824,0.018185,0.036195
sage_original_BPP_1376_db4b5741b2,0.024918,0.041585,0.007119,0.017632,0.036098
sage_original_BPP_1377_b756f037c3,0.022699,0.044764,0.006496,0.020361,0.027442
sage_original_BPP_1378_a883b857a0,0.040973,0.029074,0.027231,0.014712,0.022266
sage_original_BPP_1379_b8693274d8,0.038730,0.032403,0.005531,0.014508,0.014849
sage_original_BPP_1380_9c0022c92f,0.020790,0.029242,0.005144,0.031106,0.020056
sage_original_BPP_1381_f29eda3a9d,0.023498,0.035362,0.028393,0.018160,0.018398
sage_original_BPP_1382_0517a5af24,0.020850,0.026816,0.004683,0.014235,0.014630
sage_original_BPP_1383_f0ab899f05,0.022555,0.036217,0.008521,0.039804,0.023767
sage_original_BPP_1384_69f323e6e4,0.022143,0.033031,0.005829,0.020317,0.022456
sage_original_BPP_1385_d8592bd62b,0.023621,0.034834,0.006089,0.018479,0.018991
sage_original_BPP_1386_34d9141397,0.032882,0.092554,0.019507,0.044069,0.027023
sage_original_BPP_1387_fae17fe017,0.043952,0.037346,0.005878,0.015658,0.021399
sage_original_BPP_1388_50054bedd8,0.019274,0.031943,0.005510,0.014842,0.017936
sage_original_BPP_1389_e6a0966f77,0.030766,0.062302,0.025367,0.025334,0.035626
sage_original_BPP_1390_a1d1324284,0.042652,0.040304,0.025963,0.022465,0.024249
sage_original_BPP_1391_f5673aa1e6,0.020940,0.058425,0.014086,0.020346,0.023886
sage_original_BPP_1392_8990a1d4ba,0.021468,0.033777,0.024234,0.014911,0.014659
sage_original_BPP_1393_b15fe8d9e4,0.042128,0.036603,0.006325,0.036374,0.024834
sage_original_BPP_1394_4c56a5cc00,0.044861,0.036395,0.028040,0.025074,0.021740
sage_original_BPP_1395_0f2425157e,0.028825,0.046889,0.005353,0.015034,0.015454
sage_original_BPP_1396_dd3f16bd80,0.152247,0.033351,0.006087,0.024238,0.041350
sage_original_BPP_1397_5c6efb2f41,0.026646,0.038702,0.006015,0.017898,0.048553
sage_original_BPP_1398_2617d1e952,0.021355,0.044597,0.006678,0.017822,0.022441
sage_original_BPP_1399_4dc3b4bd9b,0.020394,0.033632,0.005327,0.017451,0.015182
sage_original_BPP_1400_75262f33c1,0.021824,0.031495,0.005965,0.017227,0.014928
sage_original_BPP_1401_6aad70292c,0.023366,0.042075,0.006950,0.018916,0.024875
sage_original_BPP_1402_b5abe732ff,0.038167,0.028277,0.005231,0.014705,0.015027
sage_original_BPP_1403_70e95a712f,0.022761,0.032951,0.006292,0.018177,0.022769
sage_original_BPP_1404_e81ea824cc,0.024514,0.044199,0.006026,0.018774,0.019057
sage_original_BPP_1405_3e4aeac775,0.043705,0.036668,0.006080,0.017574,0.025108
sage_original_BPP_1406_cd277d0a3e,0.019583,0.032407,0.005533,0.017875,0.018350
sage_original_BPP_1407_88d0ce0f7a,0.022860,0.039687,0.031232,0.022381,0.024123
sage_original_BPP_1408_a021881ca9,0.021877,0.050276,0.026799,0.038899,0.017352
sage_original_BPP_1409_8dab9e975e,0.022129,0.031675,0.026032,0.016563,0.022199
sage_original_BPP_1410_b3c68b32f3,0.024348,0.038388,0.006814,0.025659,0.083172
sage_original_BPP_1411_9437a3feba,0.021300,0.029482,0.004946,0.015593,0.016537
sage_original_BPP_1412_03e5cf25a1,0.021543,0.031940,0.005454,0.018385,0.016418
sage_original_BPP_1413_52881380dc,0.025283,0.029883,0.005843,0.017809,0.018577
sage_original_BPP_1414_7b8b0602f3,0.021997,0.029421,0.004773,0.016104,0.015644
sage_original_BPP_1415_54f5521317,0.043299,0.034129,0.005606,0.018215,0.020331
sage_original_BPP_1416_fe8263832e,0.024789,0.040076,0.006726,0.023365,0.040052
sage_original_BPP_1417_c9b9a23568,0.022267,0.036883,0.013900,0.020615,0.042511
sage_original_BPP_1418_f698ee59da,0.019374,0.031745,0.005043,0.017616,0.020872
sage_original_BPP_1419_ff77ea24c8,0.022564,0.038193,0.006613,0.022544,0.035954
sage_original_BPP_1420_bc8a69beef,0.024694,0.035756,0.005941,0.040620,0.019621
sage_original_BPP_1421_4551dd2e2f,0.040611,0.039704,0.006069,0.022957,0.022031
sage_original_BPP_1422_3898991d96,0.020171,0.051716,0.005626,0.017685,0.018170
sage_original_BPP_1423_9d84c1d7b5,0.023372,0.053446,0.006881,0.022596,0.025115
sage_original_BPP_1424_05eaaeb9b4,0.046294,0.061193,0.006148,0.018504,0.042142
sage_original_BPP_1425_adba35ebdf,0.021006,0.030375,0.005209,0.015515,0.021073
sage_original_BPP_1426_8df721bbe5,0.021157,0.027785,0.004834,0.014641,0.015645
sage_original_BPP_1427_99c0421c31,0.020572,0.037254,0.008106,0.015605,0.018166
sage_original_BPP_1428_3c8d0c072b,0.020057,0.031277,0.029170,0.017409,0.018156
sage_original_BPP_1429_7f2a318eb0,0.022002,0.052142,0.022023,0.036523,0.036465
sage_original_BPP_1430_3773e7f705,0.023043,0.034733,0.022936,0.017414,0.025645
sage_original_BPP_1431_c294c5d47b,0.027265,0.030344,0.006573,0.014447,0.033372
sage_original_BPP_1432_321d47bf5d,0.019507,0.032540,0.022697,0.015304,0.015146
sage_original_BPP_1433_216ab45c5c,0.052090,0.075944,0.010064,0.034210,0.052943
sage_original_BPP_1434_7a1ec1a2c4,0.172125,0.036379,0.006639,0.017431,0.017381
sage_original_BPP_1435_80f4a60571,0.023673,0.051672,0.005323,0.016194,0.017376
sage_original_BPP_1436_dd284b03a4,0.021450,0.031292,0.005202,0.015109,0.015658
sage_original_BPP_1437_61bc82e5ed,0.040789,0.037431,0.025592,0.043147,0.036164
sage_original_BPP_1438_c342ca89e9,0.020577,0.101945,0.009053,0.017866,0.022909
sage_original_BPP_1439_44a2a040f0,0.020059,0.024995,0.004952,0.030938,0.031701
sage_original_BPP_1440_f44b3b714b,0.024001,0.057101,0.005844,0.018069,0.035556
sage_original_BPP_1441_c745142b6e,0.044852,0.027283,0.022150,0.016871,0.038566
sage_original_BPP_1442_a1548fc59f,0.043309,0.068351,0.029664,0.017864,0.044514
sage_original_BPP_1443_7cc11a18b6,0.031816,0.091284,0.010188,0.034621,0.053333
sage_original_BPP_1444_a0f3ac7c3e,0.021694,0.035474,0.006222,0.019187,0.037526
sage_original_BPP_1445_a32304e781,0.021513,0.051555,0.006177,0.018071,0.018535
sage_original_BPP_1446_4a8aa4d965,0.031406,0.094913,0.011262,0.026093,0.033964
sage_original_BPP_1447_c3fe4fd2a8,0.020923,0.028180,0.004968,0.033698,0.015426
sage_original_BPP_1448_e09300959f,0.022510,0.036524,0.006388,0.023189,0.028878
sage_original_BPP_1449_484cca4411,0.022722,0.007400,0.004044,0.003805,0.002700
sage_original_BPP_1450_48d4e7824a,0.023625,0.037924,0.006080,0.017359,0.024738
sage_original_BPP_1451_6333c21f38,0.039915,0.044484,0.007375,0.018734,0.021618
sage_original_BPP_1452_34beb192d9,0.040499,0.044620,0.014233,0.017375,0.035047
sage_original_BPP_1453_608026ab33,0.020147,0.081256,0.005632,0.024081,0.022946
sage_original_BPP_1454_d8a0fd36bf,0.049320,0.055682,0.044478,0.021089,0.031981
sage_original_BPP_1455_13861c6956,0.039610,0.048998,0.005895,0.035391,0.017813
sage_original_BPP_1456_2f50f34737,0.020823,0.030178,0.005234,0.016207,0.016053
sage_original_BPP_1457_fc4d0711b3,0.036147,0.053185,0.005498,0.016393,0.015072
sage_original_BPP_1458_5b75853a03,0.020091,0.038098,0.006572,0.015095,0.021229
sage_original_BPP_1459_0ede123c70,0.021453,0.059406,0.005921,0.020119,0.023908
sage_original_BPP_1460_46a4330153,0.040356,0.051426,0.006444,0.014529,0.015184
sage_original_BPP_1461_8ea251803a,0.019677,0.033127,0.005616,0.022896,0.041552
sage_original_BPP_1462_f6662901d6,0.029424,0.060856,0.044960,0.046838,0.042954
sage_original_BPP_1463_43df2971a6,0.021825,0.034300,0.005858,0.017857,0.019068
sage_original_BPP_1464_5ffc31221b,0.020605,0.029587,0.005173,0.015129,0.020294
sage_original_BPP_1465_0d8dcea66d,0.019631,0.027515,0.004754,0.015101,0.015408
sage_original_BPP_1466_73a67472d4,0.044895,0.036750,0.008333,0.035613,0.022076
sage_original_BPP_1467_26170a544f,0.022147,0.062047,0.028092,0.036242,0.060858
sage_original_BPP_1468_bb1c9a3e4e,0.041006,0.056414,0.037303,0.037520,0.015419
sage_original_BPP_1469_bb8ce86d34,0.039293,0.049595,0.025551,0.016604,0.016857
sage_original_BPP_1470_34ac00b6ed,0.041864,0.064069,0.041046,0.025341,0.035303
sage_original_BPP_1471_411a32feb4,0.039584,0.034548,0.029339,0.041075,0.043434
sage_original_BPP_1472_8c00b77b04,0.038893,0.029967,0.025805,0.015150,0.040570
sage_original_BPP_1473_0bd99128de,0.024585,0.057695,0.005819,0.037589,0.040282
sage_original_BPP_1474_d4080b92f6,0.021772,0.031726,0.028896,0.015133,0.034921
sage_original_BPP_1475_ba34683aae,0.020848,0.038873,0.023708,0.033107,0.022794
sage_original_BPP_1476_e4c48fb235,0.044301,0.053684,0.006683,0.046239,0.041997
sage_original_BPP_1477_de8463b219,0.039228,0.041663,0.030164,0.018939,0.040336
sage_original_BPP_1478_75fb3fd0ea,0.045608,0.100359,0.015346,0.041333,0.038126
sage_original_BPP_1479_f8619f1e7e,0.021497,0.028520,0.028003,0.014994,0.015534
sage_original_BPP_1480_e9fdbebc34,0.043210,0.032407,0.007091,0.014966,0.015080
sage_original_BPP_1481_c4bf31d9c0,0.020197,0.047421,0.026596,0.020544,0.042850
sage_original_BPP_1482_6210a0abaf,0.022827,0.037442,0.006135,0.037264,0.024445
sage_original_BPP_1483_3620069867,0.022934,0.038332,0.006145,0.047526,0.026220
sage_original_BPP_1484_296ad963f0,0.036628,0.034271,0.006108,0.017997,0.037545
sage_original_BPP_1485_ee040a3df1,0.019857,0.031457,0.020453,0.015164,0.015431
sage_original_BPP_1486_9097d06c7c,0.019686,0.052638,0.006409,0.036910,0.040634
sage_original_BPP_1487_411bb4ebde,0.019727,0.032610,0.006236,0.016966,0.015500
sage_original_BPP_1488_457eb11157,0.042942,0.039144,0.006033,0.017692,0.024030
sage_original_BPP_1489_2f6f912d16,0.044235,0.096210,0.023741,0.023756,0.056085
sage_original_BPP_1490_42d0b23781,0.039639,0.032002,0.005363,0.017539,0.035777
sage_original_BPP_1491_9c5958057c,0.019999,0.052580,0.005207,0.015039,0.014693
sage_original_BPP_1492_7c930a1eb9,0.022082,0.057483,0.005941,0.024810,0.024005
sage_original_BPP_1493_36f17a6a76,0.020301,0.032515,0.005612,0.017733,0.018965
sage_original_BPP_1494_610dbee42c,0.023505,0.036907,0.007894,0.017491,0.023881
sage_original_BPP_1495_af70608291,0.042848,0.032032,0.025899,0.017198,0.017627
sage_original_BPP_1496_f900642c3e,0.019608,0.031615,0.005484,0.014574,0.014394
sage_original_BPP_1497_ef76d62b96,0.040434,0.037553,0.006030,0.035427,0.021796
sage_original_BPP_1498_82b8f08606,0.020865,0.031661,0.005475,0.016500,0.016827
sage_original_BPP_1499_35ab23ffb3,0.022445,0.033248,0.005586,0.014840,0.020663
sage_original_BPP_1500_9634a2828d,0.037122,0.029905,0.005214,0.014565,0.014735
sage_original_BPP_1501_dd7c03a682,0.019063,0.031198,0.026145,0.017385,0.017562
sage_original_BPP_1502_35a08b6701,0.022086,0.032107,0.005519,0.014709,0.016775
sage_original_BPP_1503_68918f28b7,0.030176,0.065508,0.008962,0.023100,0.034590
sage_original_BPP_1504_32469bcd1f,0.019920,0.048762,0.004710,0.014260,0.015738
sage_original_BPP_1505_52f0999dcc,0.022820,0.037262,0.013987,0.033006,0.021541
sage_original_BPP_1506_7d9e8d7acf,0.020235,0.027522,0.004770,0.014830,0.014759
sage_original_BPP_1507_3516d8d8e2,0.022733,0.036404,0.007727,0.021851,0.040670
sage_original_BPP_1508_71b1b94219,0.026346,0.056102,0.007741,0.015448,0.019237
sage_original_BPP_1509_6d29591de5,0.024206,0.035003,0.024045,0.018220,0.018140
sage_original_BPP_1510_9ac5b2d029,0.020852,0.043749,0.004677,0.030934,0.014994
sage_original_BPP_1511_a611bb79d4,0.019584,0.033506,0.006222,0.014913,0.031766
sage_original_BPP_1512_8331280ccf,0.039723,0.038798,0.006589,0.021201,0.023650
sage_original_BPP_1513_202c028331,0.042552,0.039170,0.006714,0.021994,0.020980
sage_original_BPP_1514_3426e398f3,0.021322,0.032701,0.005610,0.016263,0.020523
sage_original_BPP_1515_8883de50e0,0.021848,0.041223,0.029681,0.017570,0.024603
sage_original_BPP_1516_40dfd0deb0,0.021281,0.032214,0.005576,0.014145,0.015078
sage_original_BPP_1517_f7c4fb073a,0.044821,0.042370,0.026564,0.018372,0.027137
sage_original_BPP_1518_03f4931aa3,0.019781,0.037705,0.006079,0.038085,0.024352
sage_original_BPP_1519_1313a17115,0.019498,0.031468,0.005278,0.014750,0.016937
sage_original_BPP_1520_af83c06403,0.022389,0.068726,0.007852,0.026283,0.030526
sage_original_BPP_1521_f58c221b94,0.020881,0.029536,0.005150,0.014813,0.020028
sage_original_BPP_1522_33a2d0ca16,0.019727,0.031059,0.022605,0.017878,0.034714
sage_original_BPP_1523_728974e3d9,0.020386,0.053442,0.005363,0.016220,0.016410
sage_original_BPP_1524_b52ef6ce0f,0.040493,0.054955,0.024089,0.041806,0.040045
sage_original_BPP_1525_04350fce1e,0.038309,0.054653,0.005505,0.037178,0.015258
sage_original_BPP_1526_20f1a089bd,0.020374,0.032273,0.022186,0.037968,0.015769
sage_original_BPP_1527_465f4043d0,0.020779,0.028996,0.005003,0.033762,0.020462
sage_original_BPP_1528_3e4554f545,0.019760,0.050109,0.005427,0.039832,0.018126
sage_original_BPP_1529_ad4b45b846,0.040011,0.054829,0.028930,0.014898,0.022187
sage_original_BPP_1530_691a874ecb,0.043256,0.030758,0.028727,0.039007,0.046239
sage_original_BPP_1531_b2a1f6e8e9,0.020469,0.055811,0.026832,0.042358,0.039283
sage_original_BPP_1532_2dfea64466,0.038960,0.057122,0.006961,0.018206,0.049685
sage_original_BPP_1533_b6213b4f6b,0.038350,0.055361,0.005480,0.015833,0.019128
sage_original_BPP_1534_e0d0d25ee7,0.046493,0.035659,0.005484,0.029315,0.020520
sage_original_BPP_1535_46eaebd86b,0.023698,0.030730,0.029175,0.016679,0.039365
sage_original_BPP_1536_8be1941126,0.039962,0.059985,0.008284,0.015928,0.024360
sage_original_BPP_1537_a7f9a202f9,0.022673,0.038751,0.006002,0.017926,0.024472
sage_original_BPP_1538_0ece106687,0.022758,0.041881,0.005933,0.017903,0.023803
sage_original_BPP_1539_4ef6c40ae5,0.022530,0.034886,0.006448,0.018186,0.034247
sage_original_BPP_1540_3412aec11d,0.022937,0.036652,0.007675,0.022772,0.045143
sage_original_BPP_1541_5822f0a34c,0.019515,0.034204,0.028140,0.017896,0.017821
sage_original_BPP_1542_ca7f49e1d4,0.022907,0.058687,0.006818,0.022464,0.054791
sage_original_BPP_1543_6be4e63516,0.021078,0.029861,0.005188,0.015013,0.020647
sage_original_BPP_1544_df319caf36,0.022644,0.037119,0.006800,0.026575,0.021394
sage_original_BPP_1545_6bac007eec,0.021153,0.031964,0.005285,0.014920,0.014898
sage_original_BPP_1546_cc5347eb33,0.022055,0.037462,0.024843,0.020825,0.038822
sage_original_BPP_1547_a737d29257,0.041088,0.036043,0.007655,0.014756,0.016268
sage_original_BPP_1548_e41b94ef80,0.022631,0.032900,0.028358,0.016924,0.017344
sage_original_BPP_1549_36d133b61d,0.027741,0.062266,0.008871,0.037381,0.030469
sage_original_BPP_1550_a070952114,0.020778,0.026690,0.022789,0.014276,0.032109
sage_original_BPP_1551_0f90aee9a6,0.019985,0.043899,0.004660,0.014400,0.032856
sage_original_BPP_1552_c5b53c044d,0.019600,0.033043,0.022646,0.016634,0.016765
sage_original_BPP_1553_8710ebb481,0.019857,0.032678,0.005545,0.032983,0.036535
sage_original_BPP_1554_833b29c5bf,0.022001,0.037887,0.006471,0.017221,0.021783
sage_original_BPP_1555_80a1f5373a,0.465554,0.077139,0.010274,0.017664,0.035068
sage_original_BPP_1556_80edad7400,0.023527,0.056479,0.027975,0.037596,0.016090
sage_original_BPP_1557_0472eeb3bb,0.023518,0.038059,0.007732,0.021199,0.021667
sage_original_BPP_1558_8992058461,0.020733,0.029309,0.005188,0.014832,0.020770
sage_original_BPP_1559_7cee4a59b4,0.020068,0.038780,0.029634,0.017724,0.046851
sage_original_BPP_1560_31f014ccc7,0.020709,0.027886,0.027884,0.014762,0.015087
sage_original_BPP_1561_2abda89269,0.022350,0.032353,0.027849,0.036894,0.017915
sage_original_BPP_1562_e473098c4b,0.019873,0.052917,0.028583,0.018186,0.018291
sage_original_BPP_1563_0acd699739,0.041166,0.053774,0.005444,0.016087,0.037072
sage_original_BPP_1564_eee1180506,0.023314,0.049134,0.032463,0.037266,0.024487
sage_original_BPP_1565_f9451df44e,0.021462,0.030998,0.005278,0.017318,0.036084
sage_original_BPP_1566_69cc20b1db,0.039490,0.027408,0.004673,0.014423,0.031634
sage_original_BPP_1567_dad0c74765,0.042814,0.051616,0.004966,0.015547,0.043098
sage_original_BPP_1568_eb101e2802,0.020770,0.027881,0.004709,0.014614,0.015119
sage_original_BPP_1569_6e62e70853,0.041434,0.033715,0.005448,0.015655,0.015275
sage_original_BPP_1570_fdd2603fb5,0.022522,0.059061,0.006612,0.023408,0.022045
sage_original_BPP_1571_1853e90e9b,0.022787,0.059496,0.006036,0.023064,0.043851
sage_original_BPP_1572_113c9fcea8,0.019984,0.057373,0.023890,0.040639,0.021450
sage_original_BPP_1573_a3cdea4c32,0.020464,0.059124,0.006051,0.039097,0.021636
sage_original_BPP_1574_bab5d0ed71,0.022203,0.038117,0.023280,0.040347,0.024741
sage_original_BPP_1575_70d65f5551,0.020391,0.051162,0.006159,0.036554,0.023561
sage_original_BPP_1576_70e2133658,0.043446,0.038124,0.029545,0.041958,0.023122
sage_original_BPP_1577_c02168eb3b,0.045196,0.030859,0.005339,0.016662,0.037528
sage_original_BPP_1578_62cfd06702,0.039589,0.037736,0.027669,0.022435,0.041873
sage_original_BPP_1579_455acb4806,0.020774,0.035617,0.008217,0.015055,0.016676
sage_original_BPP_1580_121f8bcfbc,0.024842,0.051202,0.007555,0.018587,0.022773
sage_original_BPP_1581_198e004d18,0.022635,0.037616,0.006028,0.039619,0.023978
sage_original_BPP_1582_e5345f911b,0.021232,0.029191,0.029556,0.016840,0.016678
sage_original_BPP_1583_05885b4c9b,0.048892,0.037869,0.007849,0.015615,0.015713
sage_original_BPP_1584_ef3f374da3,0.045716,0.050601,0.027806,0.038253,0.021030
sage_original_BPP_1585_0ad58b55ce,0.021348,0.029755,0.005078,0.014771,0.020516
sage_original_BPP_1586_0feb17a1c8,0.019571,0.032093,0.005576,0.017655,0.018075
sage_original_BPP_1587_4dc5494eac,0.023152,0.038218,0.006690,0.017513,0.043178
sage_original_BPP_1588_92f4969c64,0.040630,0.042282,0.028507,0.017099,0.038139
sage_original_BPP_1589_1d25d7b74e,0.021715,0.034573,0.005601,0.035309,0.017651
sage_original_BPP_1590_5f8f433846,0.023355,0.042361,0.006147,0.018026,0.025059
sage_original_BPP_1591_892d1f860c,0.020078,0.030556,0.005319,0.015759,0.014898
sage_original_BPP_1592_6193ddf612,0.019570,0.032107,0.005536,0.020728,0.017716
sage_original_BPP_1593_90645ea35e,0.022809,0.036146,0.006701,0.035103,0.021914
sage_original_BPP_1594_ab0f06daac,0.022298,0.037766,0.006774,0.021867,0.043789
sage_original_BPP_1595_0a7cdb8452,0.020739,0.031724,0.024672,0.033704,0.021929
sage_original_BPP_1596_a10aff21c5,0.041861,0.037316,0.006642,0.022110,0.023709
sage_original_BPP_1597_c48292300f,0.021505,0.037230,0.006971,0.017303,0.025403
sage_original_BPP_1598_7431626a0f,0.040008,0.028921,0.005127,0.014707,0.038305
sage_original_BPP_1599_ab4a11d0c5,0.020715,0.056761,0.005994,0.020343,0.019813
sage_original_BPP_1600_5352458be8,0.019819,0.032458,0.005644,0.034174,0.015330
sage_original_BPP_1601_490f241402,0.020243,0.037733,0.006675,0.015534,0.022531
sage_original_BPP_1602_10d84f44b4,0.022325,0.055638,0.006015,0.017909,0.023807
sage_original_BPP_1603_10da3b345a,0.020949,0.030713,0.005311,0.016357,0.016589
sage_original_BPP_1604_5fdb8304a4,0.019352,0.051685,0.028899,0.040325,0.036453
sage_original_BPP_1605_28aeabe7c8,0.040476,0.056955,0.026062,0.041679,0.039388
sage_original_BPP_1606_1ffa107674,0.022016,0.060410,0.006055,0.022282,0.021911
sage_original_BPP_1607_8511ab3fdd,0.029372,0.072366,0.025204,0.041307,0.042429
sage_original_BPP_1608_ada1d930f7,0.020245,0.027478,0.004753,0.014809,0.037638
sage_original_BPP_1609_f5cf2bde66,0.020608,0.047096,0.004757,0.014212,0.015054
sage_original_BPP_1610_6e730423dd,0.021768,0.043667,0.005565,0.018024,0.020157
sage_original_BPP_1611_e9991d74fe,0.038082,0.046763,0.005226,0.014632,0.015381
sage_original_BPP_1612_e4516f5a92,0.043455,0.037167,0.006775,0.021226,0.045072
sage_original_BPP_1613_7d2a4897a2,0.020472,0.040768,0.007767,0.017745,0.021476
sage_original_BPP_1614_18fc8634d5,0.020526,0.056807,0.025258,0.020492,0.024155
sage_original_BPP_1615_4e86d73607,0.021448,0.029272,0.005148,0.015797,0.021987
sage_original_BPP_1616_cd072dffb5,0.021198,0.041542,0.006985,0.018070,0.021872
sage_original_BPP_1617_d1cff609c0,0.023964,0.035316,0.027584,0.036426,0.018295
sage_original_BPP_1618_6729aca584,0.021270,0.033373,0.022802,0.032656,0.017269
sage_original_BPP_1619_987f93051f,0.020564,0.027261,0.005051,0.014562,0.015502
sage_original_BPP_1620_f46a50ff25,0.101523,0.051510,0.029639,0.039940,0.018169
sage_original_BPP_1621_e20e3be063,0.021329,0.047284,0.004831,0.014811,0.015365
sage_original_BPP_1622_eba84729f0,0.023412,0.039924,0.006707,0.021166,0.022231
sage_original_BPP_1623_b115b1c3ec,0.025272,0.054786,0.005483,0.017736,0.018353
sage_original_BPP_1624_610ef16eb1,0.021252,0.027827,0.004690,0.014684,0.033028
sage_original_BPP_1625_af4a087d3a,0.025470,0.049979,0.005319,0.017640,0.039347
sage_original_BPP_1626_baf4062c6f,0.021730,0.030234,0.005168,0.015369,0.021010
sage_original_BPP_1627_e88c070f49,0.022311,0.035335,0.005724,0.018295,0.031754
sage_original_BPP_1628_54919eb45f,0.042418,0.037902,0.007758,0.022009,0.022081
sage_original_BPP_1629_05e8527810,0.020403,0.035437,0.006165,0.020663,0.021452
sage_original_BPP_1630_9c8540cd55,0.024439,0.048502,0.027847,0.018472,0.024971
sage_original_BPP_1631_4e49c3c43b,0.021288,0.030281,0.005451,0.017071,0.017203
sage_original_BPP_1632_1bd47b0fc0,0.022253,0.054920,0.006155,0.041365,0.024960
sage_original_BPP_1633_febdef4948,0.023185,0.032956,0.027682,0.037366,0.041920
sage_original_BPP_1634_e0570a58c1,0.044621,0.057115,0.027273,0.035842,0.038119
sage_original_BPP_1635_f451e7f47a,0.049739,0.069600,0.007365,0.039643,0.041137
sage_original_BPP_1636_e59a76e3e8,0.026735,0.037434,0.006573,0.017588,0.038360
sage_original_BPP_1637_f4052ffb12,0.041189,0.050110,0.006311,0.019253,0.026588
sage_original_BPP_1638_5150b0dc19,0.020349,0.032256,0.026407,0.017415,0.017877
sage_original_BPP_1639_549d25a110,0.023585,0.037665,0.023129,0.015867,0.016316
sage_original_BPP_1640_c6ed3c9b54,0.020622,0.032107,0.005233,0.017325,0.018197
sage_original_BPP_1641_fbc500cb08,0.020986,0.052369,0.004912,0.015235,0.015270
sage_original_BPP_1642_15f103a72a,0.023513,0.032781,0.005296,0.021748,0.017540
sage_original_BPP_1643_1d45487639,0.024527,0.041978,0.005763,0.018327,0.018872
sage_original_BPP_1644_b5b7e900e9,0.020771,0.034320,0.005594,0.017745,0.026322
sage_original_BPP_1645_899ec15f4b,0.024439,0.038893,0.006441,0.018312,0.019212
sage_original_BPP_1646_c1f580227c,0.020536,0.032057,0.005268,0.015367,0.015545
sage_original_BPP_1647_1dcdadcdef,0.020436,0.030707,0.005202,0.015300,0.015513
sage_original_BPP_1648_db28ff9746,0.020488,0.035868,0.006286,0.017304,0.018090
sage_original_BPP_1649_7a5491f43e,0.028947,0.036405,0.006341,0.018831,0.019935
sage_original_BPP_1650_9dbbaaad0b,0.022544,0.033128,0.005266,0.017267,0.018035
sage_original_BPP_1651_bfa9a3ec3d,0.020929,0.040978,0.005627,0.017542,0.026546
sage_original_BPP_1652_b6287ba0cc,0.032301,0.088402,0.054077,0.029345,0.042058
sage_original_BPP_1653_fb028a3e40,0.021688,0.055985,0.006060,0.018955,0.026517
sage_original_BPP_1654_a3a1deae07,0.021138,0.039357,0.006017,0.018456,0.025999
sage_original_BPP_1655_e82e33fa34,0.022238,0.033184,0.005303,0.017721,0.017934
sage_original_BPP_1656_99d6a5ed54,0.023465,0.034529,0.005655,0.017309,0.017600
sage_original_BPP_1657_d8ec76554a,0.019810,0.032008,0.005322,0.017447,0.015707
sage_original_BPP_1658_01eec064bf,0.022960,0.046351,0.007896,0.020533,0.024431
sage_original_BPP_1659_2f168c2833,0.021853,0.036715,0.022559,0.017969,0.018732
sage_original_BPP_1660_49603efbf5,0.021433,0.030072,0.005241,0.016482,0.016294
sage_original_BPP_1661_c9922b9aa9,0.020444,0.039979,0.008255,0.018066,0.020978
sage_original_BPP_1662_489f875a9b,0.020405,0.049775,0.027112,0.014725,0.014654
sage_original_BPP_1663_295822ce3a,0.022731,0.036750,0.008168,0.015225,0.021699
sage_original_BPP_1664_d607f9f1a2,0.023640,0.036680,0.006002,0.017483,0.023307
sage_original_BPP_1665_92d0ee8bc8,0.252713,0.083139,0.026937,0.038779,0.041279
sage_original_BPP_1666_c88c2a6627,0.041832,0.041123,0.006074,0.020128,0.023870
sage_original_BPP_1667_1971cb291f,0.038314,0.029825,0.005137,0.015063,0.042425
sage_original_BPP_1668_e7d9de6c9d,0.019653,0.035718,0.007575,0.041337,0.018024
sage_original_BPP_1669_7e5e7ac619,0.038220,0.029712,0.005045,0.014664,0.020552
sage_original_BPP_1670_7e4db2b296,0.021956,0.037363,0.006654,0.017591,0.024259
sage_original_BPP_1671_2311589643,0.019626,0.031120,0.005239,0.017106,0.017905
sage_original_BPP_1672_597eb62fe8,0.019019,0.047518,0.005077,0.014455,0.020276
sage_original_BPP_1673_d830356ee9,0.021692,0.032864,0.022065,0.034707,0.036783
sage_original_BPP_1674_e163e186b3,0.039318,0.060159,0.006827,0.017253,0.024070
sage_original_BPP_1675_179ffbf158,0.045931,0.034972,0.006295,0.017291,0.020715
sage_original_BPP_1676_1baaa191ff,0.022274,0.031338,0.005298,0.017096,0.015084
sage_original_BPP_1677_7afd657439,0.020898,0.027344,0.004818,0.014281,0.015378
sage_original_BPP_1678_8a7cce84b5,0.020186,0.032039,0.005454,0.017424,0.017487
sage_original_BPP_1679_9ccdace720,0.021507,0.030825,0.024422,0.016345,0.017347
sage_original_BPP_1680_69d9854e27,0.023250,0.041232,0.007819,0.025488,0.038028
sage_original_BPP_1681_1991f1b559,0.020293,0.037458,0.006726,0.022271,0.021316
sage_original_BPP_1682_a1cd7ea8ad,0.020807,0.049057,0.005152,0.032977,0.020364
sage_original_BPP_1683_80b41a1fe9,0.021578,0.034875,0.005711,0.040253,0.018705
sage_original_BPP_1684_74809e6af1,0.041139,0.052329,0.005098,0.014720,0.021150
sage_original_BPP_1685_bbad366dc6,0.040082,0.053970,0.007759,0.025172,0.043446
sage_original_BPP_1686_e2b66f33ed,0.040687,0.039795,0.032152,0.017506,0.021585
sage_original_BPP_1687_79509047d7,0.022136,0.036884,0.006840,0.017394,0.021600
sage_original_BPP_1688_f4fb73b6bb,0.020227,0.039041,0.006562,0.033250,0.020954
sage_original_BPP_1689_740488cd7e,0.020254,0.027023,0.005128,0.014254,0.015121
sage_original_BPP_1690_5b558a6f0a,0.021129,0.033464,0.005406,0.016399,0.040377
sage_original_BPP_1691_d957ea21b9,0.022317,0.057687,0.029938,0.044576,0.044761
sage_original_BPP_1692_6feb3abcad,0.042557,0.055174,0.028025,0.036731,0.040410
sage_original_BPP_1693_b3ebce7879,0.024385,0.034820,0.023666,0.036317,0.036548
sage_original_BPP_1694_d5218812a6,0.019891,0.031272,0.024148,0.017336,0.017811
sage_original_BPP_1695_ff081e575a,0.038927,0.030789,0.022241,0.014939,0.015137
sage_original_BPP_1696_ac4f4877eb,0.021688,0.037305,0.006743,0.017252,0.024450
sage_original_BPP_1697_67bb1359ab,0.020362,0.027218,0.004710,0.014400,0.037802
sage_original_BPP_1698_1655aededd,0.044132,0.054088,0.006024,0.017407,0.024291
sage_original_BPP_1699_f11a5ad211,0.019731,0.055521,0.028907,0.040149,0.040119
sage_original_BPP_1700_93abb6071a,0.043059,0.033759,0.005559,0.016240,0.038801
sage_original_BPP_1701_ef1866451c,0.042460,0.035071,0.005836,0.035811,0.036545
sage_original_BPP_1702_6e016df8bc,0.041830,0.027495,0.004681,0.033660,0.036800
sage_original_BPP_1703_eb864f26a5,0.021625,0.057706,0.026981,0.040495,0.040135
sage_original_BPP_1704_f1319ef473,0.023183,0.055685,0.028057,0.017060,0.042050
sage_original_BPP_1705_38de6cd478,0.020307,0.032838,0.005533,0.014556,0.017233
sage_original_BPP_1706_a4e9070d63,0.021770,0.036806,0.006649,0.016829,0.020732
sage_original_BPP_1707_15a6989919,0.023380,0.038141,0.006095,0.018550,0.024427
sage_original_BPP_1708_4b0d2948de,0.022274,0.031071,0.005276,0.015041,0.017260
sage_original_BPP_1709_14f2a26afb,0.021571,0.040267,0.029715,0.017538,0.021303
sage_original_BPP_1710_c2646341b1,0.020225,0.069182,0.008504,0.017404,0.024125
sage_original_BPP_1711_4c74f9733a,0.022796,0.037485,0.026743,0.023097,0.018918
sage_original_BPP_1712_48873f2774,0.019964,0.027205,0.023144,0.015209,0.035787
sage_original_BPP_1713_60ab8a6cd7,0.022050,0.036738,0.006078,0.017747,0.042907
sage_original_BPP_1714_85f8dd2894,0.021901,0.034760,0.023903,0.018190,0.017934
sage_original_BPP_1715_f5de22d293,0.022897,0.037657,0.006866,0.023212,0.023219
sage_original_BPP_1716_729321ec2e,0.020426,0.028991,0.027844,0.014723,0.020595
sage_original_BPP_1717_c48ffe5883,0.020084,0.050469,0.004711,0.014704,0.015201
sage_original_BPP_1718_44a38f7d7b,0.038851,0.029363,0.023307,0.015012,0.040242
sage_original_BPP_1719_28c396a99d,0.027050,0.065573,0.006729,0.017479,0.017678
sage_original_BPP_1720_4818700651,0.023191,0.037214,0.006129,0.017983,0.024360
sage_original_BPP_1721_90dc1c7d3c,0.042802,0.096208,0.027143,0.017638,0.021246
sage_original_BPP_1722_48a03e6e04,0.020117,0.038118,0.005723,0.016886,0.020352
sage_original_BPP_1723_b8abac3380,0.023574,0.037018,0.006103,0.018567,0.044519
sage_original_BPP_1724_408d47337e,0.021597,0.038175,0.026021,0.017686,0.018313
sage_original_BPP_1725_95342b19cc,0.042374,0.038566,0.023746,0.019317,0.024130
sage_original_BPP_1726_2007bc3e28,0.020221,0.049999,0.029512,0.016420,0.016882
sage_original_BPP_1727_0c1900ab15,0.021489,0.050679,0.026080,0.014767,0.015138
sage_original_BPP_1728_05fa93d873,0.041735,0.058947,0.025720,0.015354,0.018743
sage_original_BPP_1729_915042e5b5,0.020570,0.051044,0.004882,0.015191,0.015132
sage_original_BPP_1730_c8655dce55,0.044906,0.035319,0.026709,0.018084,0.024405
sage_original_BPP_1731_236f3f6c2e,0.020610,0.031853,0.005355,0.014641,0.017241
sage_original_BPP_1732_2d49190282,0.021550,0.034739,0.028089,0.017133,0.017421
sage_original_BPP_1733_75d0765b88,0.019135,0.031631,0.025797,0.015025,0.018878
sage_original_BPP_1734_68797734cc,0.021122,0.047010,0.004856,0.034538,0.015632
sage_original_BPP_1735_8099b1dbe9,0.019564,0.034716,0.027055,0.018685,0.019463
sage_original_BPP_1736_87b7e32828,0.020541,0.030220,0.005285,0.015303,0.014879
sage_original_BPP_1737_c56d1b66b3,0.022461,0.048511,0.006886,0.026252,0.047103
sage_original_BPP_1738_f268976f5a,0.041563,0.027432,0.004752,0.033346,0.015759
sage_original_BPP_1739_bde995f458,0.023753,0.039315,0.006006,0.018316,0.046074
sage_original_BPP_1740_887d68a5bb,0.019580,0.032421,0.005532,0.017386,0.017247
sage_original_BPP_1741_8a2c2596c4,0.020252,0.029278,0.005066,0.017790,0.020459
sage_original_BPP_1742_1e7c79822d,0.020042,0.026868,0.004763,0.014061,0.015041
sage_original_BPP_1743_4d9377e931,0.021019,0.030800,0.027633,0.015373,0.014857
sage_original_BPP_1744_c057e0f2e2,0.019624,0.029993,0.005204,0.014319,0.014696
sage_original_BPP_1745_18ca844b4c,0.019445,0.027277,0.005337,0.014517,0.014622
sage_original_BPP_1746_9adf8e53b7,0.019956,0.026929,0.025308,0.033365,0.015013
sage_original_BPP_1747_42c7264a10,0.022142,0.055846,0.006137,0.017965,0.044776
sage_original_BPP_1748_fe4174e8be,0.046040,0.040322,0.029397,0.023655,0.041865
sage_original_BPP_1749_ccceb8431b,0.252596,0.056333,0.025510,0.044839,0.052549
sage_original_BPP_1750_604a2d777f,0.022699,0.059423,0.006121,0.040244,0.024719
sage_original_BPP_1751_e1e0bf840b,0.019755,0.033146,0.021930,0.018476,0.018259
sage_original_BPP_1752_957dac2784,0.037261,0.049924,0.028084,0.039950,0.041747
sage_original_BPP_1753_1a611e667d,0.038106,0.034609,0.021726,0.035512,0.017168
sage_original_BPP_1754_5593c895e1,0.024175,0.031388,0.023482,0.014473,0.035259
sage_original_BPP_1755_610f3ac3e9,0.038931,0.034088,0.025526,0.018889,0.023696
sage_original_BPP_1756_10c13537ee,0.041972,0.033422,0.021840,0.033810,0.036230
sage_original_BPP_1757_45180bd090,0.160460,0.060673,0.029222,0.039776,0.018250
sage_original_BPP_1758_c7cb12c91d,0.021441,0.054735,0.005323,0.015625,0.016103
sage_original_BPP_1759_e9867b975c,0.023722,0.038309,0.028744,0.021922,0.021737
sage_original_BPP_1760_077bd434ca,0.022095,0.034689,0.005583,0.016514,0.034723
sage_original_BPP_1761_5dc75c9df7,0.023209,0.027914,0.005230,0.016933,0.016644
sage_original_BPP_1762_f662f064b8,0.021945,0.041042,0.023635,0.017504,0.021660
sage_original_BPP_1763_ed443d53ff,0.020618,0.047722,0.005088,0.014854,0.021090
sage_original_BPP_1764_b46521a659,0.020284,0.037026,0.008074,0.037583,0.024549
sage_original_BPP_1765_021cd72f32,0.042902,0.034343,0.005456,0.015543,0.015509
sage_original_BPP_1766_a6164e3734,0.022257,0.036540,0.005749,0.018539,0.018919
sage_original_BPP_1767_0c5b7158f9,0.021324,0.028253,0.004675,0.014915,0.015869
sage_original_BPP_1768_9ce1df563a,0.020920,0.033730,0.005587,0.019421,0.026028
sage_original_BPP_1769_4340af6ede,0.023018,0.039190,0.006061,0.018377,0.042182
sage_original_BPP_1770_d6d818c76a,0.044159,0.030051,0.005140,0.015047,0.020802
sage_original_BPP_1771_9acd40b9e2,0.022064,0.034422,0.028646,0.018673,0.019549
sage_original_BPP_1772_717c648e4c,0.020283,0.032180,0.005220,0.018747,0.018852
sage_original_BPP_1773_83bf9cdfc1,0.041506,0.039383,0.031605,0.021726,0.024646
sage_original_BPP_1774_0222ebb08b,0.045262,0.036395,0.029651,0.041367,0.040784
sage_original_BPP_1775_9d86a16f5c,0.025373,0.052953,0.005645,0.038583,0.039527
sage_original_BPP_1776_a0a80e3c2b,0.024151,0.040856,0.022904,0.019102,0.022785
sage_original_BPP_1777_d5dc5a2dd2,0.020325,0.030548,0.005207,0.017151,0.015676
sage_original_BPP_1778_3180d1a088,0.023037,0.038266,0.024518,0.015312,0.022548
sage_original_BPP_1779_16c42e16e8,0.021144,0.035155,0.006664,0.015594,0.016061
sage_original_BPP_1780_9c28e5ccca,0.023192,0.039314,0.028232,0.022625,0.021855
sage_original_BPP_1781_aa446b11ce,0.019757,0.031909,0.005534,0.017501,0.017613
sage_original_BPP_1782_7d7727fa2d,0.021737,0.055943,0.005569,0.016662,0.017045
sage_original_BPP_1783_f7a1b32db0,0.021823,0.032679,0.005538,0.016552,0.016915
sage_original_BPP_1784_e207ff5586,0.043328,0.028755,0.005101,0.014923,0.038973
sage_original_BPP_1785_4dfe6ab9fa,0.020668,0.027560,0.024079,0.014870,0.014994
sage_original_BPP_1786_ed72825cf0,0.044054,0.029487,0.005139,0.016332,0.016227
sage_original_BPP_1787_ddde43996f,0.039215,0.048535,0.005016,0.036289,0.021046
sage_original_BPP_1788_8b9b5cce83,0.020100,0.054599,0.023071,0.018074,0.017598
sage_original_BPP_1789_3c3a6dc2da,0.060658,0.073056,0.025538,0.021893,0.028955
sage_original_BPP_1790_86bfda976d,0.022500,0.058225,0.025608,0.017740,0.023980
sage_original_BPP_1791_1c74340c57,0.038038,0.059806,0.007545,0.015751,0.047234
sage_original_BPP_1792_d7ece383ef,0.020775,0.028931,0.005081,0.014880,0.020640
sage_original_BPP_1793_8f8f7ff866,0.021354,0.032579,0.005553,0.016658,0.022441
sage_original_BPP_1794_a79dd5366f,0.039515,0.060261,0.006032,0.026326,0.027208
sage_original_BPP_1795_6e52be8cdb,0.044973,0.028949,0.023108,0.035770,0.016968
sage_original_BPP_1796_985679f4d0,0.020321,0.033690,0.005630,0.016673,0.017753
sage_original_BPP_1797_22ad54ebcf,0.104869,0.066330,0.043868,0.039886,0.028655
sage_original_BPP_1798_a8e1b6f636,0.045122,0.052081,0.005043,0.014894,0.020495
sage_original_BPP_1799_9fc73eed44,0.021077,0.029330,0.025119,0.033882,0.020666
sage_original_BPP_1800_d1fe36fa87,0.019933,0.036817,0.029718,0.046169,0.044669
sage_original_BPP_1801_566032ea7c,0.051092,0.091749,0.035444,0.027050,0.057256
sage_original_BPP_1802_e8ce4b98ee,0.025229,0.071398,0.007650,0.041421,0.045853
sage_original_BPP_1803_5d3b729dcf,0.040358,0.027584,0.004751,0.028388,0.015230
sage_original_BPP_1804_b63a189232,0.023124,0.060371,0.023541,0.018569,0.045559
sage_original_BPP_1805_e0a65d7ce7,0.039023,0.028630,0.026130,0.015251,0.035971
sage_original_BPP_1806_f7e8c89651,0.024352,0.038127,0.027570,0.017895,0.025103
sage_original_BPP_1807_79cb304fea,0.033118,0.064954,0.032230,0.024969,0.049750
sage_original_BPP_1808_51b4d4635e,0.022941,0.035747,0.005680,0.017869,0.018818
sage_original_BPP_1809_d3ba63152d,0.022667,0.036600,0.006017,0.017838,0.042983
sage_original_BPP_1810_064efe65df,0.023858,0.035451,0.005738,0.018920,0.042673
sage_original_BPP_1811_b9827e62cc,0.022334,0.035959,0.027498,0.036106,0.036675
sage_original_BPP_1812_8fb6d62c80,0.023525,0.040802,0.008018,0.022926,0.036700
sage_original_BPP_1813_b6e8b437c7,0.687677,0.054726,0.008953,0.053348,0.067324
sage_original_BPP_1814_ef741546b6,0.023459,0.051095,0.028443,0.015340,0.016179
sage_original_BPP_1815_8954c855dc,0.020131,0.051318,0.005371,0.017904,0.038012
sage_original_BPP_1816_9d09a3f190,0.020100,0.037436,0.005780,0.017673,0.018323
sage_original_BPP_1817_5e70daca95,0.021752,0.038193,0.024668,0.020529,0.041630
sage_original_BPP_1818_2d67c8a015,0.042666,0.061949,0.026964,0.018195,0.022278
sage_original_BPP_1819_ebbdaa816b,0.021261,0.038230,0.006006,0.024381,0.021214
sage_original_BPP_1820_43deeea2d4,0.026455,0.054589,0.006001,0.015122,0.018600
sage_original_BPP_1821_3d0fae762d,0.044181,0.053633,0.005565,0.017351,0.016659
sage_original_BPP_1822_db102bae26,0.046695,0.094154,0.025311,0.042554,0.057834
sage_original_BPP_1823_f1d374cf16,0.040347,0.033093,0.005679,0.016986,0.022859
sage_original_BPP_1824_501ae327bc,0.023107,0.034514,0.005856,0.018092,0.017902
sage_original_BPP_1825_51a7651701,0.019253,0.031876,0.023844,0.017530,0.039118
sage_original_BPP_1826_77c7807e60,0.026340,0.040010,0.030641,0.017667,0.036101
sage_original_BPP_1827_83e7c69f67,0.021500,0.034738,0.005639,0.018610,0.021373
sage_original_BPP_1828_cf4c88d1c6,0.037875,0.027602,0.004799,0.014976,0.015603
sage_original_BPP_1829_a7b11fd84b,0.019599,0.033908,0.005382,0.017484,0.018072
sage_original_BPP_1830_3655984562,0.040982,0.033274,0.005751,0.016889,0.015163
sage_original_BPP_1831_a2ad87ca92,0.545672,0.048062,0.007390,0.018569,0.018578
sage_original_BPP_1832_ce1f9c8024,0.045017,0.029737,0.021622,0.015481,0.040073
sage_original_BPP_1833_c05bc26640,0.020831,0.027819,0.004709,0.014365,0.038665
sage_original_BPP_1834_40629d72c1,0.020704,0.054634,0.023447,0.017109,0.017754
sage_original_BPP_1835_9d7c2c8e0d,0.019619,0.050790,0.026080,0.014698,0.034472
sage_original_BPP_1836_640db5ad33,0.020684,0.037384,0.013890,0.017452,0.021365
sage_original_BPP_1837_007b2e9a7e,0.020589,0.031461,0.023854,0.014710,0.015102
sage_original_BPP_1838_9be5c3ca38,0.038674,0.050225,0.029329,0.015577,0.034697
sage_original_BPP_1839_869bbbfa0f,0.039320,0.058813,0.005991,0.017671,0.024655
sage_original_BPP_1840_cb9b58fc2c,0.028063,0.085004,0.011484,0.024423,0.041812
sage_original_BPP_1841_76d8dfddff,0.020618,0.039611,0.006527,0.017661,0.023924
sage_original_BPP_1842_6930669983,0.023777,0.039254,0.029707,0.018176,0.023947
sage_original_BPP_1843_578c4a7aec,0.043851,0.039118,0.006352,0.018599,0.024012
sage_original_BPP_1844_777164e946,0.021086,0.030194,0.005133,0.015180,0.041026
sage_original_BPP_1845_7ee4f78aa9,0.023278,0.035041,0.005717,0.018141,0.035294
sage_original_BPP_1846_b76173faf4,0.043938,0.033193,0.026431,0.015482,0.015568
sage_original_BPP_1847_592d3b7309,0.130868,0.062420,0.046469,0.039032,0.023699
sage_original_BPP_1848_f4efb45dfd,0.043694,0.057833,0.006025,0.039513,0.046312
sage_original_BPP_1849_4a32cc9fbb,0.045873,0.057633,0.005765,0.040704,0.035253
sage_original_BPP_1850_c11f02c24a,0.044434,0.029588,0.005646,0.033190,0.039258
sage_original_BPP_1851_4524a1b34f,0.020550,0.055409,0.005452,0.033391,0.017477
sage_original_BPP_1852_430aa5cb41,0.040993,0.037558,0.006672,0.038946,0.042785
sage_original_BPP_1853_bdb6a239d2,0.043544,0.057071,0.005577,0.016959,0.017109
sage_original_BPP_1854_287fb8592a,0.042770,0.072967,0.007876,0.016584,0.022774
sage_original_BPP_1855_c6b71d9cc8,0.019622,0.032439,0.024490,0.017511,0.039316
sage_original_BPP_1856_dbea9d6afd,0.044944,0.053741,0.006716,0.021205,0.047186
sage_original_BPP_1857_941d5e4886,0.019904,0.031562,0.005336,0.015067,0.015405
sage_original_BPP_1858_ad1cb896d7,0.035458,0.026935,0.004681,0.004427,0.015003
sage_original_BPP_1859_082a6e2f12,0.036740,0.028623,0.005063,0.014925,0.020720
sage_original_BPP_1860_94feffbc62,0.019589,0.032410,0.005491,0.015398,0.015156
sage_original_BPP_1861_3083d5f969,0.050725,0.056238,0.005485,0.016172,0.017852
sage_original_BPP_1862_caa4f4540f,0.021954,0.031425,0.005280,0.017608,0.017195
sage_original_BPP_1863_179009817d,0.045228,0.028710,0.005002,0.014958,0.020995
sage_original_BPP_1864_42157d15d3,0.038365,0.051122,0.005086,0.014827,0.020468
sage_original_BPP_1865_dce764f898,0.045993,0.037842,0.025746,0.017061,0.015460
sage_original_BPP_1866_b83f62b96b,0.023251,0.040934,0.008134,0.033844,0.025797
sage_original_BPP_1867_2cec0696f3,0.019710,0.030663,0.005334,0.017427,0.017318
sage_original_BPP_1868_b3a1fa883b,0.038497,0.033315,0.024165,0.019815,0.020462
sage_original_BPP_1869_5b431e2c74,0.019417,0.031470,0.005529,0.017191,0.018113
sage_original_BPP_1870_8e3baf0c3e,0.042022,0.032853,0.005588,0.014912,0.014928
sage_original_BPP_1871_c981a71cc4,0.041384,0.029024,0.005037,0.035435,0.020382
sage_original_BPP_1872_5a7ff54d51,0.043989,0.030975,0.005340,0.016546,0.016898
sage_original_BPP_1873_918e33d680,0.043703,0.045208,0.007041,0.016701,0.044501
sage_original_BPP_1874_667749a93d,0.020046,0.031385,0.005305,0.014626,0.014989
sage_original_BPP_1875_4e8acd3a6f,0.020023,0.037186,0.006045,0.017448,0.024168
sage_original_BPP_1876_7292294487,0.043552,0.030617,0.021553,0.016495,0.016165
sage_original_BPP_1877_46d50c30ff,0.021427,0.050524,0.023813,0.017968,0.018038
sage_original_BPP_1878_5d199aedde,0.044235,0.055469,0.006079,0.020254,0.023173
sage_original_BPP_1879_d47291113d,0.023591,0.034704,0.005670,0.017965,0.041789
sage_original_BPP_1880_890d63f8c5,0.021919,0.038035,0.024080,0.038914,0.040968
sage_original_BPP_1881_7473938c3a,0.045058,0.062964,0.027389,0.040230,0.045172
sage_original_BPP_1882_e0fb85f906,0.043169,0.079214,0.008426,0.046571,0.053769
sage_original_BPP_1883_2be48cc891,0.022413,0.066777,0.027799,0.021742,0.019216
sage_original_BPP_1884_acec647871,0.022280,0.054436,0.006068,0.018222,0.045763
sage_original_BPP_1885_37a96c32a8,0.043422,0.031814,0.026850,0.016943,0.017582
sage_original_BPP_1886_93402063b7,0.023886,0.033305,0.005506,0.014881,0.015712
sage_original_BPP_1887_147b9384d3,0.041197,0.058136,0.025304,0.017827,0.024249
sage_original_BPP_1888_8e852ff255,0.048778,0.064294,0.009051,0.039089,0.119024
sage_original_BPP_1889_9f7f71a53f,0.028172,0.062564,0.009167,0.038959,0.043126
sage_original_BPP_1890_b70868e482,0.022730,0.037142,0.007775,0.020064,0.023481
sage_original_BPP_1891_0ea04b2c90,0.044752,0.031792,0.005248,0.017027,0.017106
sage_original_BPP_1892_3cb73f3739,0.030984,0.069995,0.027444,0.040573,0.035403
sage_original_BPP_1893_4e7ddd96cd,0.020024,0.033180,0.005550,0.014518,0.016557
sage_original_BPP_1894_b9e2f8e212,0.020947,0.029130,0.004982,0.014133,0.020171
sage_original_BPP_1895_3b697e664d,0.019613,0.032917,0.006336,0.014473,0.016856
sage_original_BPP_1896_8c51711b40,0.027768,0.075310,0.026142,0.043903,0.050103
sage_original_BPP_1897_bcfafd6f74,0.041673,0.048923,0.023551,0.037815,0.041825
sage_original_BPP_1898_471931f3aa,0.047709,0.058846,0.022656,0.017860,0.045179
sage_original_BPP_1899_ca4f2c1262,0.044633,0.031891,0.027701,0.017411,0.017870
sage_original_BPP_1900_d7faf9e117,0.020550,0.060668,0.007821,0.017619,0.021700
sage_original_BPP_1901_b759609fd0,0.146328,0.036973,0.006876,0.034624,0.024925
sage_original_BPP_1902_8f6cae392b,0.042283,0.060522,0.028564,0.017785,0.024423
sage_original_BPP_1903_2583a25db3,0.020751,0.056706,0.006100,0.042980,0.045583
sage_original_BPP_1904_72b6026a51,0.043070,0.048946,0.028906,0.017901,0.018035
sage_original_BPP_1905_0053f7f27f,0.044469,0.056642,0.027288,0.018638,0.038355
sage_original_BPP_1906_4dcac11e00,0.020404,0.027306,0.004640,0.031322,0.036702
sage_original_BPP_1907_d56a36a4fa,0.020307,0.027059,0.004662,0.014379,0.015473
sage_original_BPP_1908_bdcd7995f9,0.039335,0.053670,0.005214,0.014693,0.033244
sage_original_BPP_1909_d974e760ce,0.023151,0.058509,0.006737,0.018744,0.046273
sage_original_BPP_1910_58cbcf5328,0.023499,0.037023,0.006819,0.018069,0.017999
sage_original_BPP_1911_f554d5b361,0.021727,0.032835,0.022798,0.038763,0.015581
sage_original_BPP_1912_7311432650,0.019577,0.032594,0.029203,0.017621,0.018038
sage_original_BPP_1913_471eb92bc7,0.020702,0.030208,0.021126,0.014679,0.020195
sage_original_BPP_1914_d2fda43a4d,0.020909,0.030320,0.025921,0.014504,0.021284
sage_original_BPP_1915_f52518591c,0.021655,0.030405,0.005005,0.015095,0.021133
sage_original_BPP_1916_bab1f1f31b,0.020949,0.027550,0.004721,0.014374,0.015216
sage_original_BPP_1917_fa62172514,0.022050,0.036774,0.006092,0.017442,0.021409
sage_original_BPP_1918_231bdb15ec,0.022312,0.032434,0.005549,0.014416,0.014786
sage_original_BPP_1919_d9b467a8db,0.022873,0.035548,0.006770,0.020290,0.036647
sage_original_BPP_1920_8d16fc4220,0.021771,0.036561,0.006087,0.021960,0.021616
sage_original_BPP_1921_544e90af58,0.039853,0.037509,0.024049,0.019159,0.028763
sage_original_BPP_1922_1bce8a66cf,0.025135,0.035483,0.005845,0.018157,0.019008
sage_original_BPP_1923_6fb0ecf9fa,0.030614,0.058521,0.008739,0.020252,0.024460
sage_original_BPP_1924_9f407a5afd,0.038921,0.027227,0.026808,0.004305,0.015797
sage_original_BPP_1925_34aa398bd1,0.043133,0.054773,0.005809,0.015572,0.017380
sage_original_BPP_1926_40dd9902ca,0.039013,0.029411,0.004968,0.015419,0.038244
sage_original_BPP_1927_160acd8e27,0.022041,0.035685,0.007859,0.015454,0.015778
sage_original_BPP_1928_00cb7ef2ab,0.024022,0.044577,0.023388,0.017895,0.041495
sage_original_BPP_1929_1bce488bda,0.042057,0.027862,0.004627,0.004301,0.015347
sage_original_BPP_1930_f14bf7cb87,0.029612,0.060921,0.010905,0.051264,0.058347
sage_original_BPP_1931_f6f3df1a1d,0.023117,0.034323,0.005937,0.018598,0.019271
sage_original_BPP_1932_e2d5f9d500,0.039401,0.033046,0.025778,0.017492,0.021157
sage_original_BPP_1933_83019498d8,0.027740,0.066074,0.011357,0.025620,0.040179
sage_original_BPP_1934_4bdabdb57c,0.023617,0.040786,0.006059,0.017147,0.023441
sage_original_BPP_1935_21bd197c11,0.020745,0.028875,0.005138,0.014445,0.020556
sage_original_BPP_1936_ff9cb97165,0.021070,0.032714,0.005523,0.037963,0.037059
sage_original_BPP_1937_fd3061ad97,0.019271,0.032127,0.005448,0.017167,0.017416
sage_original_BPP_1938_6ef84256dc,0.027550,0.063956,0.024066,0.026106,0.047174
sage_original_BPP_1939_4e85472be6,0.143230,0.036610,0.006880,0.017231,0.017399
sage_original_BPP_1940_f8fdc5cace,0.089855,0.045048,0.029277,0.015665,0.022234
sage_original_BPP_1941_b2e58f51d8,0.020508,0.037600,0.006768,0.020565,0.041368
sage_original_BPP_1942_90f393ab92,0.020245,0.055783,0.025872,0.017236,0.025886
sage_original_BPP_1943_da4309c587,0.020322,0.053111,0.007686,0.015200,0.015579
sage_original_BPP_1944_62d8d9a2f0,0.021849,0.037337,0.005979,0.017284,0.023819
sage_original_BPP_1945_256fbb6273,0.020988,0.026836,0.004725,0.014414,0.015069
sage_original_BPP_1946_5d28a0ab5d,0.021061,0.029572,0.023440,0.016385,0.016259
sage_original_BPP_1947_f2a44a8584,0.022559,0.036010,0.007584,0.017350,0.035249
sage_original_BPP_1948_c2d595ff31,0.042882,0.034311,0.005439,0.032982,0.043915
sage_original_BPP_1949_0415366575,0.046922,0.037382,0.007617,0.041970,0.018592
sage_original_BPP_1950_10aa02e8fa,0.054265,0.077762,0.026286,0.035992,0.051179
sage_original_BPP_1951_8b722093c7,0.038164,0.034390,0.023607,0.036407,0.036443
sage_original_BPP_1952_2e54bda6ba,0.037460,0.027737,0.024118,0.034032,0.015328
sage_original_BPP_1953_0ba61df1a7,0.022295,0.034818,0.005559,0.036144,0.017487
sage_original_BPP_1954_569b14394e,0.042285,0.038096,0.006423,0.018069,0.037775
sage_original_BPP_1955_f1c5ff5401,0.022297,0.039033,0.006739,0.016956,0.018818
sage_original_BPP_1956_3b2b2e9e60,0.047540,0.058600,0.005829,0.017961,0.039446
sage_original_BPP_1957_b089bbf7ff,0.021120,0.051033,0.005284,0.016335,0.016486
sage_original_BPP_1958_c4fe9fa635,0.048017,0.060643,0.028580,0.040372,0.036559
